old_url,new_url,file_path,filename
https://community.lansweeper.com/t5/actions/configure-google-chrome-to-run-actions/ta-p/64275,/docs/configure-google-chrome-to-run-actions,Actions\Configure Google Chrome to run actions.md,Configure Google Chrome to run actions.md
https://community.lansweeper.com/t5/actions/configure-microsoft-edge-to-run-actions/ta-p/64561,/docs/configure-microsoft-edge-to-run-actions,Actions\Configure Microsoft Edge to run actions.md,Configure Microsoft Edge to run actions.md
https://community.lansweeper.com/t5/actions/configure-mozilla-firefox-to-run-actions/ta-p/64264,/docs/configure-mozilla-firefox-to-run-actions,Actions\Configure Mozilla Firefox to run actions.md,Configure Mozilla Firefox to run actions.md
https://community.lansweeper.com/t5/actions/configure-opera-to-run-actions/ta-p/64562,/docs/configure-opera-to-run-actions,Actions\Configure Opera to run actions.md,Configure Opera to run actions.md
https://community.lansweeper.com/t5/actions/create-and-run-actions/ta-p/64447,/docs/create-and-run-actions,Actions\Create and run actions.md,Create and run actions.md
https://community.lansweeper.com/t5/actions/run-actions-as-a-different-user/ta-p/64404,/docs/run-actions-as-a-different-user,Actions\Run actions as a different user.md,Run actions as a different user.md
https://community.lansweeper.com/t5/billing-related-questions/assets-that-count-toward-your-licensed-asset-limit/ta-p/64377,/docs/assets-that-count-toward-your-licensed-asset-limit,Billing Related Questions\Assets that count toward your licensed asset limit.md,Assets that count toward your licensed asset limit.md
https://community.lansweeper.com/t5/billing-related-questions/disable-pay-as-you-go-payg/ta-p/85649,/docs/disable-pay-as-you-go-payg,Billing Related Questions\Disable Pay-As-You-Go (PAYG).md,Disable Pay-As-You-Go (PAYG).md
https://community.lansweeper.com/t5/billing-related-questions/find-your-case-number/ta-p/64511,/docs/find-your-case-number,Billing Related Questions\Find your case number.md,Find your case number.md
https://community.lansweeper.com/t5/billing-related-questions/freeware-and-trial-limitations/ta-p/64374,/docs/freeware-and-trial-limitations,Billing Related Questions\Freeware and trial limitations.md,Freeware and trial limitations.md
https://community.lansweeper.com/t5/billing-related-questions/manage-helpdesk-agents/ta-p/64416,/docs/manage-helpdesk-agents,Billing Related Questions\Manage helpdesk agents.md,Manage helpdesk agents.md
https://community.lansweeper.com/t5/billing-related-questions/register-lansweeper-as-a-vendor-if-you-re-located-in-the-united-states/ta-p/72601,/docs/register-lansweeper-as-a-vendor-if-youre-located-in-the-united-states,Billing Related Questions\Register Lansweeper as a vendor if you're located in the United States.md,Register Lansweeper as a vendor if you're located in the United States.md
https://community.lansweeper.com/t5/billing-related-questions/register-lansweeper-as-a-vendor-if-you-re-located-outside-of-the-united/ta-p/72659,/docs/register-lansweeper-as-a-vendor-if-youre-located-outside-of-the-united-states,Billing Related Questions\Register Lansweeper as a vendor if you're located outside of the United States.md,Register Lansweeper as a vendor if you're located outside of the United States.md
https://community.lansweeper.com/t5/billing-related-questions/renew-your-lansweeper-subscription/ta-p/64290,/docs/renew-your-lansweeper-subscription,Billing Related Questions\Renew your Lansweeper subscription.md,Renew your Lansweeper subscription.md
https://community.lansweeper.com/t5/billing-related-questions/request-a-lansweeper-price-quote/ta-p/64292,/docs/request-a-lansweeper-price-quote,Billing Related Questions\Request a Lansweeper price quote.md,Request a Lansweeper price quote.md
https://community.lansweeper.com/t5/configuring-using-the-helpdesk/choose-the-helpdesk-language/ta-p/64409,/docs/choose-the-helpdesk-language,Configuring Using The Helpdesk\Choose the helpdesk language.md,Choose the helpdesk language.md
https://community.lansweeper.com/t5/configuring-using-the-helpdesk/configure-and-use-ticket-filters/ta-p/64446,/docs/configure-and-use-ticket-filters,Configuring Using The Helpdesk\Configure and use ticket filters.md,Configure and use ticket filters.md
https://community.lansweeper.com/t5/configuring-using-the-helpdesk/configure-service-level-agreements/ta-p/64394,/docs/configure-service-level-agreements,Configuring Using The Helpdesk\Configure service-level agreements.md,Configure service-level agreements.md
https://community.lansweeper.com/t5/configuring-using-the-helpdesk/configure-ticket-types-states-and-priorities/ta-p/64393,/docs/configure-ticket-types-states-and-priorities,"Configuring Using The Helpdesk\Configure ticket types, states and priorities.md","Configure ticket types, states and priorities.md"
https://community.lansweeper.com/t5/configuring-using-the-helpdesk/configure-use-and-create-articles-in-the-knowledge-base/ta-p/64419,/docs/configure-use-and-create-articles-in-the-knowledge-base,"Configuring Using The Helpdesk\Configure, use and create articles in the knowledge base.md","Configure, use and create articles in the knowledge base.md"
https://community.lansweeper.com/t5/configuring-using-the-helpdesk/create-and-add-custom-fields-to-ticket-types/ta-p/64395,/docs/create-and-add-custom-fields-to-ticket-types,Configuring Using The Helpdesk\Create and add custom fields to ticket types.md,Create and add custom fields to ticket types.md
https://community.lansweeper.com/t5/configuring-using-the-helpdesk/create-ticket-templates/ta-p/64410,/docs/create-ticket-templates,Configuring Using The Helpdesk\Create ticket templates.md,Create ticket templates.md
https://community.lansweeper.com/t5/configuring-using-the-helpdesk/delete-tickets-from-the-helpdesk/ta-p/64412,/docs/delete-tickets-from-the-helpdesk,Configuring Using The Helpdesk\Delete tickets from the helpdesk.md,Delete tickets from the helpdesk.md
https://community.lansweeper.com/t5/configuring-using-the-helpdesk/hide-the-helpdesk-menu/ta-p/64411,/docs/hide-the-helpdesk-menu,Configuring Using The Helpdesk\Hide the Helpdesk menu.md,Hide the Helpdesk menu.md
https://community.lansweeper.com/t5/configuring-using-the-helpdesk/introduction-to-the-help-desk/ta-p/64390,/docs/introduction-to-the-help-desk,Configuring Using The Helpdesk\Introduction to the help desk.md,Introduction to the help desk.md
https://community.lansweeper.com/t5/configuring-using-the-helpdesk/perform-actions-on-new-tickets-using-dispatching-rules/ta-p/64458,/docs/perform-actions-on-new-tickets-using-dispatching-rules,Configuring Using The Helpdesk\Perform actions on new tickets using dispatching rules.md,Perform actions on new tickets using dispatching rules.md
https://community.lansweeper.com/t5/configuring-using-the-helpdesk/receive-tickets-through-the-web-console-email-api-import/ta-p/64392,/docs/receive-tickets-through-the-web-console-email-api-import,"Configuring Using The Helpdesk\Receive tickets through the web console, email, API, import.md","Receive tickets through the web console, email, API, import.md"
https://community.lansweeper.com/t5/configuring-using-the-helpdesk/reset-the-ticket-id-counter/ta-p/64406,/docs/reset-the-ticket-id-counter,Configuring Using The Helpdesk\Reset the ticket ID counter.md,Reset the ticket ID counter.md
https://community.lansweeper.com/t5/configuring-using-the-helpdesk/resolve-ticket-attachment-issues/ta-p/64502,/docs/resolve-ticket-attachment-issues,Configuring Using The Helpdesk\Resolve ticket attachment issues.md,Resolve ticket attachment issues.md
https://community.lansweeper.com/t5/configuring-using-the-helpdesk/share-information-with-the-news-widget/ta-p/64356,/docs/share-information-with-the-news-widget,Configuring Using The Helpdesk\Share information with the News widget.md,Share information with the News widget.md
https://community.lansweeper.com/t5/customizing-the-web-console/automatically-logging-in-with-the-built-in-admin/ta-p/64417,/docs/automatically-logging-in-with-the-built-in-admin,Customizing The Web Console\Automatically logging in with the built-in admin.md,Automatically logging in with the built-in admin.md
https://community.lansweeper.com/t5/customizing-the-web-console/change-the-web-console-ports-under-iis-express/ta-p/64299,/docs/change-the-web-console-ports-under-iis-express,Customizing The Web Console\Change the web console ports under IIS Express.md,Change the web console ports under IIS Express.md
https://community.lansweeper.com/t5/customizing-the-web-console/configure-ssl-in-iis-express/ta-p/64298,/docs/configure-ssl-in-iis-express,Customizing The Web Console\Configure SSL in IIS Express.md,Configure SSL in IIS Express.md
https://community.lansweeper.com/t5/customizing-the-web-console/configure-ssl-in-iis/ta-p/64560,/docs/configure-ssl-in-iis,Customizing The Web Console\Configure SSL in IIS.md,Configure SSL in IIS.md
https://community.lansweeper.com/t5/customizing-the-web-console/create-custom-widgets/ta-p/64297,/docs/create-custom-widgets,Customizing The Web Console\Create custom widgets.md,Create custom widgets.md
https://community.lansweeper.com/t5/customizing-the-web-console/enable-authentication-in-iis-express/ta-p/64278,/docs/enable-authentication-in-iis-express,Customizing The Web Console\Enable authentication in IIS Express.md,Enable authentication in IIS Express.md
https://community.lansweeper.com/t5/customizing-the-web-console/enable-authentication-in-iis/ta-p/64279,/docs/enable-authentication-in-iis,Customizing The Web Console\Enable authentication in IIS.md,Enable authentication in IIS.md
https://community.lansweeper.com/t5/customizing-the-web-console/lansweeper-metrics-and-notification-system/ta-p/64498,/docs/lansweeper-metrics-and-notification-system,Customizing The Web Console\Lansweeper metrics and notification system.md,Lansweeper metrics and notification system.md
https://community.lansweeper.com/t5/customizing-the-web-console/list-of-currency-culture-codes/ta-p/64431,/docs/list-of-currency-culture-codes,Customizing The Web Console\List of currency culture codes.md,List of currency culture codes.md
https://community.lansweeper.com/t5/customizing-the-web-console/manage-web-browser-login-prompts/ta-p/64362,/docs/manage-web-browser-login-prompts,Customizing The Web Console\Manage web browser login prompts.md,Manage web browser login prompts.md
https://community.lansweeper.com/t5/customizing-the-web-console/managing-the-built-in-admin-account/ta-p/64557,/docs/managing-the-built-in-admin-account,Customizing The Web Console\Managing the built-in admin account.md,Managing the built-in admin account.md
https://community.lansweeper.com/t5/customizing-the-web-console/restrict-access-to-the-web-console/ta-p/64262,/docs/restrict-access-to-the-web-console,Customizing The Web Console\Restrict access to the web console.md,Restrict access to the web console.md
https://community.lansweeper.com/t5/customizing-the-web-console/secure-your-lansweeper-on-premises-setup/ta-p/75903,/docs/secure-your-lansweeper-on-premises-setup,Customizing The Web Console\Secure your Lansweeper On-premises setup.md,Secure your Lansweeper On-premises setup.md
https://community.lansweeper.com/t5/customizing-the-web-console/set-the-currency-format/ta-p/64344,/docs/set-the-currency-format,Customizing The Web Console\Set the currency format.md,Set the currency format.md
https://community.lansweeper.com/t5/customizing-the-web-console/set-the-date-format/ta-p/64306,/docs/set-the-date-format,Customizing The Web Console\Set the date format.md,Set the date format.md
https://community.lansweeper.com/t5/customizing-the-web-console/share-dashboard-tabs-with-other-users/ta-p/64314,/docs/share-dashboard-tabs-with-other-users,Customizing The Web Console\Share dashboard tabs with other users.md,Share dashboard tabs with other users.md
https://community.lansweeper.com/t5/customizing-the-web-console/web-console-user-roles-and-permissions/ta-p/64323,/docs/web-console-user-roles-and-permissions,Customizing The Web Console\Web console user roles and permissions.md,Web console user roles and permissions.md
https://community.lansweeper.com/t5/cyber-security-and-risk-insights/confidence-level/ta-p/68055,/docs/confidence-level,Cyber Security And Risk Insights\Confidence level.md,Confidence level.md
https://community.lansweeper.com/t5/cyber-security-and-risk-insights/create-vulnerability-prioritization-rules/ta-p/75602,/docs/create-vulnerability-prioritization-rules,Cyber Security And Risk Insights\Create vulnerability prioritization rules.md,Create vulnerability prioritization rules.md
https://community.lansweeper.com/t5/cyber-security-and-risk-insights/customize-the-list-of-vulnerabilities/ta-p/65514,/docs/customize-the-list-of-vulnerabilities,Cyber Security And Risk Insights\Customize the list of vulnerabilities.md,Customize the list of vulnerabilities.md
https://community.lansweeper.com/t5/cyber-security-and-risk-insights/ignore-assets-and-vulnerabilities/ta-p/64778,/docs/ignore-assets-and-vulnerabilities,Cyber Security And Risk Insights\Ignore assets and vulnerabilities.md,Ignore assets and vulnerabilities.md
https://community.lansweeper.com/t5/cyber-security-and-risk-insights/introduction-to-vulnerability-risk-assessment/ta-p/67925,/docs/introduction-to-vulnerability-risk-assessment,Cyber Security And Risk Insights\Introduction to Vulnerability Risk Assessment.md,Introduction to Vulnerability Risk Assessment.md
https://community.lansweeper.com/t5/cyber-security-and-risk-insights/prioritize-your-risk-mitigation-actions-through-affected-product/ta-p/73114,/docs/prioritize-your-risk-mitigation-actions-through-affected-product-categorization,Cyber Security And Risk Insights\Prioritize your risk mitigation actions through Affected Product Categorization.md,Prioritize your risk mitigation actions through Affected Product Categorization.md
https://community.lansweeper.com/t5/cyber-security-and-risk-insights/resolve-vulnerabilities/ta-p/75267,/docs/resolve-vulnerabilities,Cyber Security And Risk Insights\Resolve vulnerabilities.md,Resolve vulnerabilities.md
https://community.lansweeper.com/t5/cyber-security-and-risk-insights/understanding-exploitability-fields/ta-p/77274,/docs/understanding-exploitability-fields,Cyber Security And Risk Insights\Understanding exploitability fields.md,Understanding exploitability fields.md
https://community.lansweeper.com/t5/cyber-security-and-risk-insights/view-the-vulnerabilities-affecting-assets/ta-p/64846,/docs/view-the-vulnerabilities-affecting-assets,Cyber Security And Risk Insights\View the vulnerabilities affecting assets.md,View the vulnerabilities affecting assets.md
https://community.lansweeper.com/t5/deploying-software-other-changes/check-the-status-of-a-deployment/ta-p/64318,/docs/check-the-status-of-a-deployment,Deploying Software Other Changes\Check the status of a deployment.md,Check the status of a deployment.md
https://community.lansweeper.com/t5/deploying-software-other-changes/create-a-deployment-package/ta-p/64332,/docs/create-a-deployment-package,Deploying Software Other Changes\Create a deployment package.md,Create a deployment package.md
https://community.lansweeper.com/t5/deploying-software-other-changes/deploy-a-package-manually-or-based-on-a-schedule/ta-p/64329,/docs/deploy-a-package-manually-or-based-on-a-schedule,Deploying Software Other Changes\Deploy a package manually or based on a schedule.md,Deploy a package manually or based on a schedule.md
https://community.lansweeper.com/t5/deploying-software-other-changes/deployment-requirements/ta-p/64326,/docs/deployment-requirements,Deploying Software Other Changes\Deployment requirements.md,Deployment requirements.md
https://community.lansweeper.com/t5/deploying-software-other-changes/import-and-export-deployment-packages/ta-p/64313,/docs/import-and-export-deployment-packages,Deploying Software Other Changes\Import and export deployment packages.md,Import and export deployment packages.md
https://community.lansweeper.com/t5/diagrams/create-permissions-for-diagrams/ta-p/67652,/docs/create-permissions-for-diagrams,Diagrams\Create permissions for diagrams.md,Create permissions for diagrams.md
https://community.lansweeper.com/t5/diagrams/diagrams/ta-p/65571,/docs/diagrams,Diagrams\Diagrams.md,Diagrams.md
https://community.lansweeper.com/t5/diagrams/discover-asset-relations-with-diagrams/ta-p/67648,/docs/discover-asset-relations-with-diagrams,Diagrams\Discover asset relations with diagrams.md,Discover asset relations with diagrams.md
https://community.lansweeper.com/t5/diagrams/export-diagrams/ta-p/67651,/docs/export-diagrams,Diagrams\Export diagrams.md,Export diagrams.md
https://community.lansweeper.com/t5/diagrams/filter-assets-on-diagrams/ta-p/67650,/docs/filter-assets-on-diagrams,Diagrams\Filter assets on diagrams.md,Filter assets on diagrams.md
https://community.lansweeper.com/t5/diagrams/find-assets-with-integrated-search-on-diagrams/ta-p/67649,/docs/find-assets-with-integrated-search-on-diagrams,Diagrams\Find assets with integrated search on diagrams.md,Find assets with integrated search on diagrams.md
https://community.lansweeper.com/t5/diagrams/generate-diagrams/ta-p/67647,/docs/generate-diagrams,Diagrams\Generate diagrams.md,Generate diagrams.md
https://community.lansweeper.com/t5/diagrams/navigate-diagrams/ta-p/67793,/docs/navigate-diagrams,Diagrams\Navigate diagrams.md,Navigate diagrams.md
https://community.lansweeper.com/t5/diagrams/personalize-diagrams/ta-p/67645,/docs/personalize-diagrams,Diagrams\Personalize diagrams.md,Personalize diagrams.md
https://community.lansweeper.com/t5/installation/access-the-web-console/ta-p/64322,/docs/access-the-web-console,Installation\Access the web console.md,Access the web console.md
https://community.lansweeper.com/t5/installation/apply-your-lansweeper-license/ta-p/64310,/docs/apply-your-lansweeper-license,Installation\Apply your Lansweeper license.md,Apply your Lansweeper license.md
https://community.lansweeper.com/t5/installation/comparing-lansweeper-sites-and-lansweeper-on-premises/ta-p/65117,/docs/comparing-lansweeper-sites-and-lansweeper-on-premises,Installation\Comparing Lansweeper Sites and Lansweeper On-premises.md,Comparing Lansweeper Sites and Lansweeper On-premises.md
https://community.lansweeper.com/t5/installation/configuring-a-sql-server-instance-to-host-the-lansweeper-database/ta-p/64276,/docs/configuring-a-sql-server-instance-to-host-the-lansweeper-database,Installation\Configuring a SQL Server instance to host the Lansweeper database.md,Configuring a SQL Server instance to host the Lansweeper database.md
https://community.lansweeper.com/t5/installation/credential-and-database-security-in-lansweeper/ta-p/64424,/docs/credential-and-database-security-in-lansweeper,Installation\Credential and database security in Lansweeper.md,Credential and database security in Lansweeper.md
https://community.lansweeper.com/t5/installation/getting-started/ta-p/64556,/docs/getting-started,Installation\Getting Started.md,Getting Started.md
https://community.lansweeper.com/t5/installation/install-iis-internet-information-services/ta-p/64422,/docs/install-iis-internet-information-services,Installation\Install IIS (Internet Information Services).md,Install IIS (Internet Information Services).md
https://community.lansweeper.com/t5/installation/install-lansweeper-components-separately/ta-p/73925,/docs/install-lansweeper-components-separately,Installation\Install Lansweeper components separately.md,Install Lansweeper components separately.md
https://community.lansweeper.com/t5/installation/install-lansweeper-on-prem/ta-p/64321,/docs/install-lansweeper-on-prem,Installation\Install Lansweeper On-prem.md,Install Lansweeper On-prem.md
https://community.lansweeper.com/t5/installation/lansweeper-classic-components-and-architecture/ta-p/64387,/docs/lansweeper-classic-components-and-architecture,Installation\Lansweeper Classic components and architecture.md,Lansweeper Classic components and architecture.md
https://community.lansweeper.com/t5/installation/lansweeper-installation-and-management-types/ta-p/72699,/docs/lansweeper-installation-and-management-types,Installation\Lansweeper installation and management types.md,Lansweeper installation and management types.md
https://community.lansweeper.com/t5/installation/lansweeper-installation-checklist/ta-p/64592,/docs/lansweeper-installation-checklist,Installation\Lansweeper installation checklist.md,Lansweeper installation checklist.md
https://community.lansweeper.com/t5/installation/set-up-an-installation-with-multiple-scanning-servers/ta-p/64358,/docs/set-up-an-installation-with-multiple-scanning-servers,Installation\Set up an installation with multiple scanning servers.md,Set up an installation with multiple scanning servers.md
https://community.lansweeper.com/t5/installation/silently-install-uninstall-or-update-lansweeper/ta-p/64507,/docs/silently-install-uninstall-or-update-lansweeper,"Installation\Silently install, uninstall, or update Lansweeper.md","Silently install, uninstall, or update Lansweeper.md"
https://community.lansweeper.com/t5/installation/trialling-lansweeper/ta-p/72708,/docs/trialling-lansweeper,Installation\Trialling Lansweeper.md,Trialling Lansweeper.md
https://community.lansweeper.com/t5/installation/which-lansweeper-setup-is-right-for-you/ta-p/64593,/docs/which-lansweeper-setup-is-right-for-you,Installation\Which Lansweeper setup is right for you.md,Which Lansweeper setup is right for you.md
https://community.lansweeper.com/t5/integrations/import-lansweeper-data-into-microsoft-power-bi/ta-p/78904,/docs/import-lansweeper-data-into-microsoft-power-bi,Integrations\Import Lansweeper data into Microsoft Power BI.md,Import Lansweeper data into Microsoft Power BI.md
https://community.lansweeper.com/t5/integrations/integrate-devicie-with-lansweeper/ta-p/75471,/docs/integrate-devicie-with-lansweeper,Integrations\Integrate Devicie with Lansweeper.md,Integrate Devicie with Lansweeper.md
https://community.lansweeper.com/t5/integrations/integrate-lansweeper-with-syncfish-s-ci-synchronizer-ci-sync-for-servicenow/ta-p/79766,/docs/integrate-lansweeper-with-syncfishs-ci-synchronizer-ci-sync-for-servicenow-cmdb,Integrations\Integrate Lansweeper with Syncfish's CI Synchronizer (CI Sync) for ServiceNow CMDB.md,Integrate Lansweeper with Syncfish's CI Synchronizer (CI Sync) for ServiceNow CMDB.md
https://community.lansweeper.com/t5/integrations/integrate-licenseware-with-lansweeper/ta-p/73635,/docs/integrate-licenseware-with-lansweeper,Integrations\Integrate Licenseware with Lansweeper.md,Integrate Licenseware with Lansweeper.md
https://community.lansweeper.com/t5/integrations/integrate-with-the-lansweeper-app-for-jira-service-management-assets/ta-p/68383,/docs/integrate-with-the-lansweeper-app-for-jira-service-management-assets,Integrations\Integrate with the Lansweeper App for Jira Service Management Assets.md,Integrate with the Lansweeper App for Jira Service Management Assets.md
https://community.lansweeper.com/t5/integrations/integrate-with-the-lansweeper-app-for-jira-service-management-ticket/ta-p/78522,/docs/integrate-with-the-lansweeper-app-for-jira-service-management-ticket-enrichment,Integrations\Integrate with the Lansweeper App for Jira Service Management Ticket Enrichment.md,Integrate with the Lansweeper App for Jira Service Management Ticket Enrichment.md
https://community.lansweeper.com/t5/lansweeper-maintenance/back-up-your-installation/ta-p/64309,/docs/back-up-your-installation,Lansweeper Maintenance\Back up your installation.md,Back up your installation.md
https://community.lansweeper.com/t5/lansweeper-maintenance/change-the-lansweeper-database-password/ta-p/64305,/docs/change-the-lansweeper-database-password,Lansweeper Maintenance\Change the Lansweeper database password.md,Change the Lansweeper database password.md
https://community.lansweeper.com/t5/lansweeper-maintenance/check-for-lansweeper-updates/ta-p/64339,/docs/check-for-lansweeper-updates,Lansweeper Maintenance\Check for Lansweeper updates.md,Check for Lansweeper updates.md
https://community.lansweeper.com/t5/lansweeper-maintenance/connect-to-a-sql-compact-database-with-sql-compact-toolbox/ta-p/64283,/docs/connect-to-a-sql-compact-database-with-sql-compact-toolbox,Lansweeper Maintenance\Connect to a SQL Compact database with SQL Compact Toolbox.md,Connect to a SQL Compact database with SQL Compact Toolbox.md
https://community.lansweeper.com/t5/lansweeper-maintenance/connect-to-sql-localdb-using-sql-server-management-studio/ta-p/64541,/docs/connect-to-sql-localdb-using-sql-server-management-studio,Lansweeper Maintenance\Connect to SQL LocalDB using SQL Server Management Studio.md,Connect to SQL LocalDB using SQL Server Management Studio.md
https://community.lansweeper.com/t5/lansweeper-maintenance/convert-a-deprecated-sql-compact-database/ta-p/64509,/docs/convert-a-deprecated-sql-compact-database,Lansweeper Maintenance\Convert a deprecated SQL Compact database.md,Convert a deprecated SQL Compact database.md
https://community.lansweeper.com/t5/lansweeper-maintenance/copy-lansweeper-scanning-server-configuration-to-a-different-server/ta-p/64904,/docs/copy-lansweeper-scanning-server-configuration-to-a-different-server,Lansweeper Maintenance\Copy Lansweeper scanning server configuration to a different server.md,Copy Lansweeper scanning server configuration to a different server.md
https://community.lansweeper.com/t5/lansweeper-maintenance/disable-iis-express-logging/ta-p/64300,/docs/disable-iis-express-logging,Lansweeper Maintenance\Disable IIS Express logging.md,Disable IIS Express logging.md
https://community.lansweeper.com/t5/lansweeper-maintenance/enable-the-lansweeper-scan-server-to-auto-update/ta-p/79957,/docs/enable-the-lansweeper-scan-server-to-auto-update,Lansweeper Maintenance\Enable the Lansweeper scan server to auto-update.md,Enable the Lansweeper scan server to auto-update.md
https://community.lansweeper.com/t5/lansweeper-maintenance/how-to-use-the-configeditor-tool/ta-p/64421,/docs/how-to-use-the-configeditor-tool,Lansweeper Maintenance\How to use the ConfigEditor tool.md,How to use the ConfigEditor tool.md
https://community.lansweeper.com/t5/lansweeper-maintenance/identify-which-database-server-lansweeper-is-using/ta-p/64506,/docs/identify-which-database-server-lansweeper-is-using,Lansweeper Maintenance\Identify which database server Lansweeper is using.md,Identify which database server Lansweeper is using.md
https://community.lansweeper.com/t5/lansweeper-maintenance/impact-of-a-lansweeper-migration-on-lsagent-scanning/ta-p/64554,/docs/impact-of-a-lansweeper-migration-on-lsagent-scanning,Lansweeper Maintenance\Impact of a Lansweeper migration on LsAgent scanning.md,Impact of a Lansweeper migration on LsAgent scanning.md
https://community.lansweeper.com/t5/lansweeper-maintenance/move-your-database-from-sql-compact-to-sql-server/ta-p/64307,/docs/move-your-database-from-sql-compact-to-sql-server,Lansweeper Maintenance\Move your database from SQL Compact to SQL Server.md,Move your database from SQL Compact to SQL Server.md
https://community.lansweeper.com/t5/lansweeper-maintenance/move-your-database-from-sql-localdb-to-sql-server/ta-p/64505,/docs/move-your-database-from-sql-localdb-to-sql-server,Lansweeper Maintenance\Move your database from SQL LocalDB to SQL Server.md,Move your database from SQL LocalDB to SQL Server.md
https://community.lansweeper.com/t5/lansweeper-maintenance/move-your-lansweeper-installation-to-a-different-server/ta-p/64270,/docs/move-your-lansweeper-installation-to-a-different-server,Lansweeper Maintenance\Move your Lansweeper installation to a different server.md,Move your Lansweeper installation to a different server.md
https://community.lansweeper.com/t5/lansweeper-maintenance/move-your-sql-server-database-to-a-different-server-or-sql-server-instance/ta-p/64388,/docs/move-your-sql-server-database-to-a-different-server-or-sql-server-instance,Lansweeper Maintenance\Move your SQL Server database to a different server or SQL Server instance.md,Move your SQL Server database to a different server or SQL Server instance.md
https://community.lansweeper.com/t5/lansweeper-maintenance/perform-automated-database-cleanups/ta-p/64384,/docs/perform-automated-database-cleanups,Lansweeper Maintenance\Perform automated database cleanups.md,Perform automated database cleanups.md
https://community.lansweeper.com/t5/lansweeper-maintenance/restore-your-installation-from-a-backup/ta-p/64385,/docs/restore-your-installation-from-a-backup,Lansweeper Maintenance\Restore your installation from a backup.md,Restore your installation from a backup.md
https://community.lansweeper.com/t5/lansweeper-maintenance/update-lansweeper-on-premises/ta-p/64338,/docs/update-lansweeper-on-premises,Lansweeper Maintenance\Update Lansweeper On-premises.md,Update Lansweeper On-premises.md
https://community.lansweeper.com/t5/lansweeper-maintenance/where-are-lansweeper-data-reports-and-settings-stored/ta-p/64398,/docs/where-are-lansweeper-data-reports-and-settings-stored,"Lansweeper Maintenance\Where are Lansweeper data, reports, and settings stored.md","Where are Lansweeper data, reports, and settings stored.md"
https://community.lansweeper.com/t5/lansweeper-ot/import-scan-targets/ta-p/66631,/docs/import-scan-targets,Lansweeper Ot\Import scan targets.md,Import scan targets.md
https://community.lansweeper.com/t5/lansweeper-ot/link-network-discovery-hub-with-lansweeper-on-premises/ta-p/70777,/docs/link-network-discovery-hub-with-lansweeper-on-premises,Lansweeper Ot\Link Network Discovery Hub with Lansweeper On-premises.md,Link Network Discovery Hub with Lansweeper On-premises.md
https://community.lansweeper.com/t5/lansweeper-ot/manage-ot-assets-in-lansweeper-on-premises/ta-p/74018,/docs/manage-ot-assets-in-lansweeper-on-premises,Lansweeper Ot\Manage OT assets in Lansweeper On-premises.md,Manage OT assets in Lansweeper On-premises.md
https://community.lansweeper.com/t5/lansweeper-ot/manage-ot-assets-in-lansweeper-sites/ta-p/70991,/docs/manage-ot-assets-in-lansweeper-sites,Lansweeper Ot\Manage OT assets in Lansweeper Sites.md,Manage OT assets in Lansweeper Sites.md
https://community.lansweeper.com/t5/lansweeper-ot/ot-components-and-architecture/ta-p/65726,/docs/ot-components-and-architecture,Lansweeper Ot\OT components and architecture.md,OT components and architecture.md
https://community.lansweeper.com/t5/lansweeper-ot/ot-supported-protocols/ta-p/66858,/docs/ot-supported-protocols,Lansweeper Ot\OT supported protocols.md,OT supported protocols.md
https://community.lansweeper.com/t5/lansweeper-ot/overview-of-lansweeper-ot/ta-p/70775,/docs/overview-of-lansweeper-ot,Lansweeper Ot\Overview of Lansweeper OT.md,Overview of Lansweeper OT.md
https://community.lansweeper.com/t5/lansweeper-ot/scan-your-ot/ta-p/64599,/docs/scan-your-ot,Lansweeper Ot\Scan your OT.md,Scan your OT.md
https://community.lansweeper.com/t5/lansweeper-ot/transfer-ot-data-between-hubs/ta-p/66771,/docs/transfer-ot-data-between-hubs,Lansweeper Ot\Transfer OT data between hubs.md,Transfer OT data between hubs.md
https://community.lansweeper.com/t5/managing-assets/add-comments-to-assets/ta-p/64342,/docs/add-comments-to-assets,Managing Assets\Add comments to assets.md,Add comments to assets.md
https://community.lansweeper.com/t5/managing-assets/add-documents-to-assets/ta-p/64341,/docs/add-documents-to-assets,Managing Assets\Add documents to assets.md,Add documents to assets.md
https://community.lansweeper.com/t5/managing-assets/add-manufacturer-support-links/ta-p/64407,/docs/add-manufacturer-support-links,Managing Assets\Add manufacturer support links.md,Add manufacturer support links.md
https://community.lansweeper.com/t5/managing-assets/change-an-asset-s-asset-type/ta-p/64316,/docs/change-an-assets-asset-type,Managing Assets\Change an asset's asset type.md,Change an asset's asset type.md
https://community.lansweeper.com/t5/managing-assets/configure-and-add-data-to-asset-custom-fields/ta-p/64403,/docs/configure-and-add-data-to-asset-custom-fields,Managing Assets\Configure and add data to asset custom fields.md,Configure and add data to asset custom fields.md
https://community.lansweeper.com/t5/managing-assets/create-asset-relation-types/ta-p/64302,/docs/create-asset-relation-types,Managing Assets\Create asset relation types.md,Create asset relation types.md
https://community.lansweeper.com/t5/managing-assets/create-asset-types/ta-p/64317,/docs/create-asset-types,Managing Assets\Create asset types.md,Create asset types.md
https://community.lansweeper.com/t5/managing-assets/create-use-and-change-asset-states/ta-p/64475,/docs/create-use-and-change-asset-states,"Managing Assets\Create, use and change asset states.md","Create, use and change asset states.md"
https://community.lansweeper.com/t5/managing-assets/delete-assets/ta-p/64319,/docs/delete-assets,Managing Assets\Delete assets.md,Delete assets.md
https://community.lansweeper.com/t5/managing-assets/generate-qr-codes/ta-p/64363,/docs/generate-qr-codes,Managing Assets\Generate QR codes.md,Generate QR codes.md
https://community.lansweeper.com/t5/managing-assets/grouping-assets/ta-p/64337,/docs/grouping-assets,Managing Assets\Grouping assets.md,Grouping assets.md
https://community.lansweeper.com/t5/managing-assets/import-assets-from-a-csv-file/ta-p/64312,/docs/import-assets-from-a-csv-file,Managing Assets\Import assets from a CSV file.md,Import assets from a CSV file.md
https://community.lansweeper.com/t5/managing-assets/link-assets-to-other-assets-or-users/ta-p/64304,/docs/link-assets-to-other-assets-or-users,Managing Assets\Link assets to other assets or users.md,Link assets to other assets or users.md
https://community.lansweeper.com/t5/managing-assets/list-of-3-letter-monitor-manufacturer-codes/ta-p/64429,/docs/list-of-3-letter-monitor-manufacturer-codes,Managing Assets\List of 3-letter monitor manufacturer codes.md,List of 3-letter monitor manufacturer codes.md
https://community.lansweeper.com/t5/managing-assets/online-status-indicator/ta-p/64369,/docs/online-status-indicator,Managing Assets\Online status indicator.md,Online status indicator.md
https://community.lansweeper.com/t5/managing-assets/place-assets-on-a-map/ta-p/64334,/docs/place-assets-on-a-map,Managing Assets\Place assets on a map.md,Place assets on a map.md
https://community.lansweeper.com/t5/managing-assets/search-through-assets-with-the-web-console-search-bar/ta-p/64479,/docs/search-through-assets-with-the-web-console-search-bar,Managing Assets\Search through assets with the web console search bar.md,Search through assets with the web console search bar.md
https://community.lansweeper.com/t5/managing-assets/track-software-memory-and-other-changes-on-windows-computers/ta-p/64397,/docs/track-software-memory-and-other-changes-on-windows-computers,"Managing Assets\Track software, memory and other changes on Windows computers.md","Track software, memory and other changes on Windows computers.md"
https://community.lansweeper.com/t5/managing-licenses/manage-operating-system-licenses/ta-p/64325,/docs/manage-operating-system-licenses,Managing Licenses\Manage operating system licenses.md,Manage operating system licenses.md
https://community.lansweeper.com/t5/managing-licenses/manage-software-licenses/ta-p/64324,/docs/manage-software-licenses,Managing Licenses\Manage software licenses.md,Manage software licenses.md
https://community.lansweeper.com/t5/managing-licenses/view-and-scan-software-license-keys-on-windows-computers/ta-p/64351,/docs/view-and-scan-software-license-keys-on-windows-computers,Managing Licenses\View and scan software license keys on Windows computers.md,View and scan software license keys on Windows computers.md
https://community.lansweeper.com/t5/managing-software/how-lansweeper-scans-antivirus-information/ta-p/64343,/docs/how-lansweeper-scans-antivirus-information,Managing Software\How Lansweeper scans antivirus information.md,How Lansweeper scans antivirus information.md
https://community.lansweeper.com/t5/managing-software/mark-software-and-add-ons-as-authorized/ta-p/64336,/docs/mark-software-and-add-ons-as-authorized,Managing Software\Mark software and add-ons as authorized.md,Mark software and add-ons as authorized.md
https://community.lansweeper.com/t5/managing-software/software-installations-vs-software-license-keys/ta-p/64353,/docs/software-installations-vs-software-license-keys,Managing Software\Software installations vs. software license keys.md,Software installations vs. software license keys.md
https://community.lansweeper.com/t5/managing-software/view-and-scan-software-installations-on-windows-computers/ta-p/64352,/docs/view-and-scan-software-installations-on-windows-computers,Managing Software\View and scan software installations on Windows computers.md,View and scan software installations on Windows computers.md
https://community.lansweeper.com/t5/managing-users/mark-users-as-authorized-administrators/ta-p/64357,/docs/mark-users-as-authorized-administrators,Managing Users\Mark users as authorized administrators.md,Mark users as authorized administrators.md
https://community.lansweeper.com/t5/reporting/access-lansweeper-database-documentation/ta-p/64481,/docs/access-lansweeper-database-documentation,Reporting\Access Lansweeper database documentation.md,Access Lansweeper database documentation.md
https://community.lansweeper.com/t5/reporting/add-a-report-to-your-lansweeper-installation/ta-p/64493,/docs/add-a-report-to-your-lansweeper-installation,Reporting\Add a report to your Lansweeper installation.md,Add a report to your Lansweeper installation.md
https://community.lansweeper.com/t5/reporting/configure-gmail-to-send-alert-and-ticket-emails/ta-p/64591,/docs/configure-gmail-to-send-alert-and-ticket-emails,Reporting\Configure Gmail to send alert and ticket emails.md,Configure Gmail to send alert and ticket emails.md
https://community.lansweeper.com/t5/reporting/send-helpdesk-and-email-alerts-via-microsoft-cloud-services/ta-p/64540,/docs/send-helpdesk-and-email-alerts-via-microsoft-cloud-services,Reporting\Send Helpdesk and Email alerts via Microsoft Cloud Services.md,Send Helpdesk and Email alerts via Microsoft Cloud Services.md
https://community.lansweeper.com/t5/reporting/send-report-and-event-log-alerts/ta-p/64333,/docs/send-report-and-event-log-alerts,Reporting\Send report and event log alerts.md,Send report and event log alerts.md
https://community.lansweeper.com/t5/reporting/track-lansweeper-classic-logins-and-setting-changes/ta-p/64414,/docs/track-lansweeper-classic-logins-and-setting-changes,Reporting\Track Lansweeper Classic logins and setting changes.md,Track Lansweeper Classic logins and setting changes.md
https://community.lansweeper.com/t5/requirements/apple-mac-scanning-requirements/ta-p/64248,/docs/apple-mac-scanning-requirements,Requirements\Apple Mac scanning requirements.md,Apple Mac scanning requirements.md
https://community.lansweeper.com/t5/requirements/aws-scanning-requirements/ta-p/64491,/docs/aws-scanning-requirements,Requirements\AWS scanning requirements.md,AWS scanning requirements.md
https://community.lansweeper.com/t5/requirements/azure-scanning-requirements/ta-p/64492,/docs/azure-scanning-requirements,Requirements\Azure scanning requirements.md,Azure scanning requirements.md
https://community.lansweeper.com/t5/requirements/chrome-os-scanning-requirements/ta-p/64495,/docs/chrome-os-scanning-requirements,Requirements\Chrome OS scanning requirements.md,Chrome OS scanning requirements.md
https://community.lansweeper.com/t5/requirements/citrix-scanning-requirements/ta-p/64464,/docs/citrix-scanning-requirements,Requirements\Citrix scanning requirements.md,Citrix scanning requirements.md
https://community.lansweeper.com/t5/requirements/compatible-browsers-for-viewing-the-lansweeper-interface/ta-p/64483,/docs/compatible-browsers-for-viewing-the-lansweeper-interface,Requirements\Compatible browsers for viewing the Lansweeper interface.md,Compatible browsers for viewing the Lansweeper interface.md
https://community.lansweeper.com/t5/requirements/compatible-sql-database-servers-for-hosting-the-lansweeper-database/ta-p/64480,/docs/compatible-sql-database-servers-for-hosting-the-lansweeper-database,Requirements\Compatible SQL database servers for hosting the Lansweeper database.md,Compatible SQL database servers for hosting the Lansweeper database.md
https://community.lansweeper.com/t5/requirements/configure-symantec-endpoint-protection-for-use-with-lansweeper/ta-p/64391,/docs/configure-symantec-endpoint-protection-for-use-with-lansweeper,Requirements\Configure Symantec Endpoint Protection for use with Lansweeper.md,Configure Symantec Endpoint Protection for use with Lansweeper.md
https://community.lansweeper.com/t5/requirements/configure-windows-firewall-for-agentless-scanning-of-computers/ta-p/64259,/docs/configure-windows-firewall-for-agentless-scanning-of-computers,Requirements\Configure Windows Firewall for agentless scanning of computers.md,Configure Windows Firewall for agentless scanning of computers.md
https://community.lansweeper.com/t5/requirements/dcom-and-other-changes-made-by-the-lansweeper-installer/ta-p/64443,/docs/dcom-and-other-changes-made-by-the-lansweeper-installer,Requirements\DCOM and other changes made by the Lansweeper installer.md,DCOM and other changes made by the Lansweeper installer.md
https://community.lansweeper.com/t5/requirements/introduction-to-the-sql-localdb-database-server/ta-p/64504,/docs/introduction-to-the-sql-localdb-database-server,Requirements\Introduction to the SQL LocalDB database server.md,Introduction to the SQL LocalDB database server.md
https://community.lansweeper.com/t5/requirements/lansweeper-features-that-access-the-internet/ta-p/64590,/docs/lansweeper-features-that-access-the-internet,Requirements\Lansweeper features that access the internet.md,Lansweeper features that access the internet.md
https://community.lansweeper.com/t5/requirements/lansweeper-installation-requirements/ta-p/64267,/docs/lansweeper-installation-requirements,Requirements\Lansweeper installation requirements.md,Lansweeper installation requirements.md
https://community.lansweeper.com/t5/requirements/linux-and-unix-agentless-scanning-requirements/ta-p/64378,/docs/linux-and-unix-agentless-scanning-requirements,Requirements\Linux and Unix agentless scanning requirements.md,Linux and Unix agentless scanning requirements.md
https://community.lansweeper.com/t5/requirements/lsagent-installation-requirements/ta-p/64467,/docs/lsagent-installation-requirements,Requirements\LsAgent installation requirements.md,LsAgent installation requirements.md
https://community.lansweeper.com/t5/requirements/network-device-scanning-requirements/ta-p/64380,/docs/network-device-scanning-requirements,Requirements\Network device scanning requirements.md,Network device scanning requirements.md
https://community.lansweeper.com/t5/requirements/ports-scanned-or-used-by-lansweeper/ta-p/64273,/docs/ports-scanned-or-used-by-lansweeper,Requirements\Ports scanned or used by Lansweeper.md,Ports scanned or used by Lansweeper.md
https://community.lansweeper.com/t5/requirements/scanning-commands-run-on-linux-computers/ta-p/64579,/docs/scanning-commands-run-on-linux-computers,Requirements\Scanning commands run on Linux computers.md,Scanning commands run on Linux computers.md
https://community.lansweeper.com/t5/requirements/vcenter-scanning-requirements/ta-p/64459,/docs/vcenter-scanning-requirements,Requirements\vCenter scanning requirements.md,vCenter scanning requirements.md
https://community.lansweeper.com/t5/requirements/vmware-server-scanning-requirements/ta-p/64375,/docs/vmware-server-scanning-requirements,Requirements\VMware server scanning requirements.md,VMware server scanning requirements.md
https://community.lansweeper.com/t5/requirements/vmware-workspace-one-uem-powered-by-airwatch-scanning-requirements/ta-p/64496,/docs/vmware-workspace-one-uem-powered-by-airwatch-scanning-requirements,Requirements\VMware Workspace One UEM (powered by AirWatch) scanning requirements.md,VMware Workspace One UEM (powered by AirWatch) scanning requirements.md
https://community.lansweeper.com/t5/requirements/windows-domain-scanning-requirements/ta-p/64247,/docs/windows-domain-scanning-requirements,Requirements\Windows domain scanning requirements.md,Windows domain scanning requirements.md
https://community.lansweeper.com/t5/requirements/windows-workgroup-scanning-requirements/ta-p/64258,/docs/windows-workgroup-scanning-requirements,Requirements\Windows workgroup scanning requirements.md,Windows workgroup scanning requirements.md
https://community.lansweeper.com/t5/scanning-your-network/active-directory-user-and-computer-attributes-scanned-by-lansweeper/ta-p/64503,/docs/active-directory-user-and-computer-attributes-scanned-by-lansweeper,Scanning Your Network\Active Directory user and computer attributes scanned by Lansweeper.md,Active Directory user and computer attributes scanned by Lansweeper.md
https://community.lansweeper.com/t5/scanning-your-network/bandwidth-usage-during-scanning/ta-p/64382,/docs/bandwidth-usage-during-scanning,Scanning Your Network\Bandwidth usage during scanning.md,Bandwidth usage during scanning.md
https://community.lansweeper.com/t5/scanning-your-network/create-a-microsoft-cloud-services-application/ta-p/64538,/docs/create-a-microsoft-cloud-services-application,Scanning Your Network\Create a Microsoft Cloud Services application.md,Create a Microsoft Cloud Services application.md
https://community.lansweeper.com/t5/scanning-your-network/create-and-map-scanning-credentials/ta-p/64328,/docs/create-and-map-scanning-credentials,Scanning Your Network\Create and map scanning credentials.md,Create and map scanning credentials.md
https://community.lansweeper.com/t5/scanning-your-network/credential-free-device-recognition-cdr/ta-p/64543,/docs/credential-free-device-recognition-cdr,Scanning Your Network\Credential-free Device Recognition (CDR).md,Credential-free Device Recognition (CDR).md
https://community.lansweeper.com/t5/scanning-your-network/exclude-assets-from-scanning/ta-p/64320,/docs/exclude-assets-from-scanning,Scanning Your Network\Exclude assets from scanning.md,Exclude assets from scanning.md
https://community.lansweeper.com/t5/scanning-your-network/excluding-events-from-scanning/ta-p/64348,/docs/excluding-events-from-scanning,Scanning Your Network\Excluding events from scanning.md,Excluding events from scanning.md
https://community.lansweeper.com/t5/scanning-your-network/extended-display-scanning/ta-p/64576,/docs/extended-display-scanning,Scanning Your Network\Extended display scanning.md,Extended display scanning.md
https://community.lansweeper.com/t5/scanning-your-network/finding-your-domains-dns-and-netbios-names/ta-p/64266,/docs/finding-your-domains-dns-and-netbios-names,Scanning Your Network\Finding your domains' DNS and NetBIOS names.md,Finding your domains' DNS and NetBIOS names.md
https://community.lansweeper.com/t5/scanning-your-network/how-lansweeper-uniquely-identifies-assets/ta-p/64370,/docs/how-lansweeper-uniquely-identifies-assets,Scanning Your Network\How Lansweeper uniquely identifies assets.md,How Lansweeper uniquely identifies assets.md
https://community.lansweeper.com/t5/scanning-your-network/how-to-scan-a-citrix-xenserver/ta-p/64463,/docs/how-to-scan-a-citrix-xenserver,Scanning Your Network\How to scan a Citrix XenServer.md,How to scan a Citrix XenServer.md
https://community.lansweeper.com/t5/scanning-your-network/how-to-scan-a-linux-or-unix-computer/ta-p/64282,/docs/how-to-scan-a-linux-or-unix-computer,Scanning Your Network\How to scan a Linux or Unix computer.md,How to scan a Linux or Unix computer.md
https://community.lansweeper.com/t5/scanning-your-network/how-to-scan-a-vmware-server/ta-p/64376,/docs/how-to-scan-a-vmware-server,Scanning Your Network\How to scan a VMware server.md,How to scan a VMware server.md
https://community.lansweeper.com/t5/scanning-your-network/how-to-scan-a-windows-computer/ta-p/64381,/docs/how-to-scan-a-windows-computer,Scanning Your Network\How to scan a Windows computer.md,How to scan a Windows computer.md
https://community.lansweeper.com/t5/scanning-your-network/how-to-scan-an-apple-mac-computer/ta-p/64281,/docs/how-to-scan-an-apple-mac-computer,Scanning Your Network\How to scan an Apple Mac computer.md,How to scan an Apple Mac computer.md
https://community.lansweeper.com/t5/scanning-your-network/how-to-scan-chrome-os-machines/ta-p/64500,/docs/how-to-scan-chrome-os-machines,Scanning Your Network\How to scan Chrome OS machines.md,How to scan Chrome OS machines.md
https://community.lansweeper.com/t5/scanning-your-network/how-to-scan-disabled-active-directory-users-and-computers/ta-p/64497,/docs/how-to-scan-disabled-active-directory-users-and-computers,Scanning Your Network\How to scan disabled Active Directory users and computers.md,How to scan disabled Active Directory users and computers.md
https://community.lansweeper.com/t5/scanning-your-network/how-to-scan-performance-information-of-windows-and-linux-computers/ta-p/64488,/docs/how-to-scan-performance-information-of-windows-and-linux-computers,Scanning Your Network\How to scan performance information of Windows and Linux computers.md,How to scan performance information of Windows and Linux computers.md
https://community.lansweeper.com/t5/scanning-your-network/how-to-scan-users/ta-p/64366,/docs/how-to-scan-users,Scanning Your Network\How to scan users.md,How to scan users.md
https://community.lansweeper.com/t5/scanning-your-network/import-and-export-custom-oid-scanning-targets/ta-p/64489,/docs/import-and-export-custom-oid-scanning-targets,Scanning Your Network\Import and export custom OID scanning targets.md,Import and export custom OID scanning targets.md
https://community.lansweeper.com/t5/scanning-your-network/install-lsagent-on-a-linux-computer/ta-p/64469,/docs/install-lsagent-on-a-linux-computer,Scanning Your Network\Install LsAgent on a Linux computer.md,Install LsAgent on a Linux computer.md
https://community.lansweeper.com/t5/scanning-your-network/install-lsagent-on-a-mac-computer/ta-p/64470,/docs/install-lsagent-on-a-mac-computer,Scanning Your Network\Install LsAgent on a Mac computer.md,Install LsAgent on a Mac computer.md
https://community.lansweeper.com/t5/scanning-your-network/install-lsagent-on-a-windows-computer/ta-p/64462,/docs/install-lsagent-on-a-windows-computer,Scanning Your Network\Install LsAgent on a Windows computer.md,Install LsAgent on a Windows computer.md
https://community.lansweeper.com/t5/scanning-your-network/integrate-lansweeper-with-sccm/ta-p/64501,/docs/integrate-lansweeper-with-sccm,Scanning Your Network\Integrate Lansweeper with SCCM.md,Integrate Lansweeper with SCCM.md
https://community.lansweeper.com/t5/scanning-your-network/introduction-to-asset-radar/ta-p/64508,/docs/introduction-to-asset-radar,Scanning Your Network\Introduction to Asset Radar.md,Introduction to Asset Radar.md
https://community.lansweeper.com/t5/scanning-your-network/introduction-to-lsagent-for-windows-linux-and-mac/ta-p/64473,/docs/introduction-to-lsagent-for-windows-linux-and-mac,"Scanning Your Network\Introduction to LsAgent for Windows, Linux and Mac.md","Introduction to LsAgent for Windows, Linux and Mac.md"
https://community.lansweeper.com/t5/scanning-your-network/introduction-to-the-lspush-scanning-agent-for-windows/ta-p/64277,/docs/introduction-to-the-lspush-scanning-agent-for-windows,Scanning Your Network\Introduction to the LsPush scanning agent for Windows.md,Introduction to the LsPush scanning agent for Windows.md
https://community.lansweeper.com/t5/scanning-your-network/introduction-to-the-mib-importer-and-mib-library/ta-p/64510,/docs/introduction-to-the-mib-importer-and-mib-library,Scanning Your Network\Introduction to the MIB Importer and MIB Library.md,Introduction to the MIB Importer and MIB Library.md
https://community.lansweeper.com/t5/scanning-your-network/linux-file-and-directory-scanning/ta-p/72483,/docs/linux-file-and-directory-scanning,Scanning Your Network\Linux file and directory scanning.md,Linux file and directory scanning.md
https://community.lansweeper.com/t5/scanning-your-network/lspush-fallback-scanning/ta-p/64482,/docs/lspush-fallback-scanning,Scanning Your Network\LsPush fallback scanning.md,LsPush fallback scanning.md
https://community.lansweeper.com/t5/scanning-your-network/lspush-vs-lsagent-scanning-agent/ta-p/64478,/docs/lspush-vs-lsagent-scanning-agent,Scanning Your Network\LsPush vs. LsAgent scanning agent.md,LsPush vs. LsAgent scanning agent.md
https://community.lansweeper.com/t5/scanning-your-network/manage-network-interface-uplinks/ta-p/64580,/docs/manage-network-interface-uplinks,Scanning Your Network\Manage network interface uplinks.md,Manage network interface uplinks.md
https://community.lansweeper.com/t5/scanning-your-network/manage-scanned-item-intervals/ta-p/64335,/docs/manage-scanned-item-intervals,Scanning Your Network\Manage scanned item intervals.md,Manage scanned item intervals.md
https://community.lansweeper.com/t5/scanning-your-network/overview-of-scanning-targets-and-methods/ta-p/64437,/docs/overview-of-scanning-targets-and-methods,Scanning Your Network\Overview of scanning targets and methods.md,Overview of scanning targets and methods.md
https://community.lansweeper.com/t5/scanning-your-network/scan-a-network-device/ta-p/64379,/docs/scan-a-network-device,Scanning Your Network\Scan a network device.md,Scan a network device.md
https://community.lansweeper.com/t5/scanning-your-network/scan-a-vcenter-server/ta-p/64460,/docs/scan-a-vcenter-server,Scanning Your Network\Scan a vCenter server.md,Scan a vCenter server.md
https://community.lansweeper.com/t5/scanning-your-network/scan-a-windows-computer-scanning-target/ta-p/64354,/docs/scan-a-windows-computer-scanning-target,Scanning Your Network\Scan a Windows Computer scanning target.md,Scan a Windows Computer scanning target.md
https://community.lansweeper.com/t5/scanning-your-network/scan-a-windows-computer-with-ad-laps/ta-p/66295,/docs/scan-a-windows-computer-with-ad-laps,Scanning Your Network\Scan a Windows computer with AD LAPS.md,Scan a Windows computer with AD LAPS.md
https://community.lansweeper.com/t5/scanning-your-network/scan-an-active-directory-domain-scanning-target/ta-p/64349,/docs/scan-an-active-directory-domain-scanning-target,Scanning Your Network\Scan an Active Directory Domain scanning target.md,Scan an Active Directory Domain scanning target.md
https://community.lansweeper.com/t5/scanning-your-network/scan-an-aws-cloud-environment/ta-p/64485,/docs/scan-an-aws-cloud-environment,Scanning Your Network\Scan an AWS cloud environment.md,Scan an AWS cloud environment.md
https://community.lansweeper.com/t5/scanning-your-network/scan-an-azure-cloud-environment/ta-p/64487,/docs/scan-an-azure-cloud-environment,Scanning Your Network\Scan an Azure cloud environment.md,Scan an Azure cloud environment.md
https://community.lansweeper.com/t5/scanning-your-network/scan-exchange-server-mailboxes/ta-p/64468,/docs/scan-exchange-server-mailboxes,Scanning Your Network\Scan Exchange Server mailboxes.md,Scan Exchange Server mailboxes.md
https://community.lansweeper.com/t5/scanning-your-network/scan-extra-snmp-data-with-custom-oid-scanning/ta-p/64461,/docs/scan-extra-snmp-data-with-custom-oid-scanning,Scanning Your Network\Scan extra SNMP data with custom OID scanning.md,Scan extra SNMP data with custom OID scanning.md
https://community.lansweeper.com/t5/scanning-your-network/scan-individual-windows-computers-with-the-lspush-scanning-agent/ta-p/64432,/docs/scan-individual-windows-computers-with-the-lspush-scanning-agent,Scanning Your Network\Scan individual Windows computers with the LsPush scanning agent.md,Scan individual Windows computers with the LsPush scanning agent.md
https://community.lansweeper.com/t5/scanning-your-network/scan-microsoft-365-targets/ta-p/64545,/docs/scan-microsoft-365-targets,Scanning Your Network\Scan Microsoft 365 targets.md,Scan Microsoft 365 targets.md
https://community.lansweeper.com/t5/scanning-your-network/scan-microsoft-entra-id-azure-ad-users-and-groups/ta-p/64577,/docs/scan-microsoft-entra-id-azure-ad-users-and-groups,Scanning Your Network\Scan Microsoft Entra ID (Azure AD) users and groups.md,Scan Microsoft Entra ID (Azure AD) users and groups.md
https://community.lansweeper.com/t5/scanning-your-network/scan-microsoft-store-apps/ta-p/64585,/docs/scan-microsoft-store-apps,Scanning Your Network\Scan Microsoft Store apps.md,Scan Microsoft Store apps.md
https://community.lansweeper.com/t5/scanning-your-network/scan-mobile-devices-through-microsoft-intune/ta-p/64546,/docs/scan-mobile-devices-through-microsoft-intune,Scanning Your Network\Scan mobile devices through Microsoft Intune.md,Scan mobile devices through Microsoft Intune.md
https://community.lansweeper.com/t5/scanning-your-network/scan-mobile-devices-through-vmware-workspace-one-uem-powered-by-airwatch/ta-p/64494,/docs/scan-mobile-devices-through-vmware-workspace-one-uem-powered-by-airwatch,Scanning Your Network\Scan mobile devices through VMware Workspace One UEM (powered by AirWatch).md,Scan mobile devices through VMware Workspace One UEM (powered by AirWatch).md
https://community.lansweeper.com/t5/scanning-your-network/scan-registry-values-with-custom-registry-scanning/ta-p/64271,/docs/scan-registry-values-with-custom-registry-scanning,Scanning Your Network\Scan registry values with custom registry scanning.md,Scan registry values with custom registry scanning.md
https://community.lansweeper.com/t5/scanning-your-network/scan-untrusted-domains/ta-p/64265,/docs/scan-untrusted-domains,Scanning Your Network\Scan untrusted domains.md,Scan untrusted domains.md
https://community.lansweeper.com/t5/scanning-your-network/scan-windows-computer-certificates/ta-p/64584,/docs/scan-windows-computer-certificates,Scanning Your Network\Scan Windows computer certificates.md,Scan Windows computer certificates.md
https://community.lansweeper.com/t5/scanning-your-network/scan-windows-computers-from-a-usb-drive-with-lspush/ta-p/64400,/docs/scan-windows-computers-from-a-usb-drive-with-lspush,Scanning Your Network\Scan Windows computers from a USB drive with LsPush.md,Scan Windows computers from a USB drive with LsPush.md
https://community.lansweeper.com/t5/scanning-your-network/scan-windows-computers-with-lspush-in-a-group-policy/ta-p/64434,/docs/scan-windows-computers-with-lspush-in-a-group-policy,Scanning Your Network\Scan Windows computers with LsPush in a group policy.md,Scan Windows computers with LsPush in a group policy.md
https://community.lansweeper.com/t5/scanning-your-network/scan-windows-computers-with-the-lspush-scanning-agent-in-a-scheduled-task/ta-p/64444,/docs/scan-windows-computers-with-the-lspush-scanning-agent-in-a-scheduled-task,Scanning Your Network\Scan Windows computers with the LsPush scanning agent in a scheduled task.md,Scan Windows computers with the LsPush scanning agent in a scheduled task.md
https://community.lansweeper.com/t5/scanning-your-network/scan-windows-failover-cluster-details-and-logs/ta-p/64499,/docs/scan-windows-failover-cluster-details-and-logs,Scanning Your Network\Scan Windows failover cluster details and logs.md,Scan Windows failover cluster details and logs.md
https://community.lansweeper.com/t5/scanning-your-network/scanning-assets-with-batch-scanning/ta-p/64455,/docs/scanning-assets-with-batch-scanning,Scanning Your Network\Scanning assets with Batch Scanning.md,Scanning assets with Batch Scanning.md
https://community.lansweeper.com/t5/scanning-your-network/scanning-non-error-events/ta-p/64347,/docs/scanning-non-error-events,Scanning Your Network\Scanning non-error events.md,Scanning non-error events.md
https://community.lansweeper.com/t5/scanning-your-network/scanning-windows-drivers/ta-p/64587,/docs/scanning-windows-drivers,Scanning Your Network\Scanning Windows drivers.md,Scanning Windows drivers.md
https://community.lansweeper.com/t5/scanning-your-network/scanning-with-a-workgroup-scanning-target/ta-p/64331,/docs/scanning-with-a-workgroup-scanning-target,Scanning Your Network\Scanning with a Workgroup scanning target.md,Scanning with a Workgroup scanning target.md
https://community.lansweeper.com/t5/scanning-your-network/scanning-with-an-active-directory-computer-path-scanning-target/ta-p/64345,/docs/scanning-with-an-active-directory-computer-path-scanning-target,Scanning Your Network\Scanning with an Active Directory Computer Path scanning target.md,Scanning with an Active Directory Computer Path scanning target.md
https://community.lansweeper.com/t5/scanning-your-network/scanning-with-an-active-directory-user-group-path-scanning-target/ta-p/64350,/docs/scanning-with-an-active-directory-usergroup-path-scanning-target,Scanning Your Network\Scanning with an Active Directory UserGroup Path scanning target.md,Scanning with an Active Directory UserGroup Path scanning target.md
https://community.lansweeper.com/t5/scanning-your-network/scanning-with-an-asset-group-asset-type-or-report-scanning-target/ta-p/64301,/docs/scanning-with-an-asset-group-asset-type-or-report-scanning-target,"Scanning Your Network\Scanning with an Asset Group, Asset Type or Report scanning target.md","Scanning with an Asset Group, Asset Type or Report scanning target.md"
https://community.lansweeper.com/t5/scanning-your-network/scanning-with-an-eventlog-only-scanning-target/ta-p/64346,/docs/scanning-with-an-eventlog-only-scanning-target,Scanning Your Network\Scanning with an Eventlog Only scanning target.md,Scanning with an Eventlog Only scanning target.md
https://community.lansweeper.com/t5/scanning-your-network/scanning-with-an-ip-range-scanning-target/ta-p/64330,/docs/scanning-with-an-ip-range-scanning-target,Scanning Your Network\Scanning with an IP Range scanning target.md,Scanning with an IP Range scanning target.md
https://community.lansweeper.com/t5/scanning-your-network/set-up-automated-warranty-checks/ta-p/64408,/docs/set-up-automated-warranty-checks,Scanning Your Network\Set up automated warranty checks.md,Set up automated warranty checks.md
https://community.lansweeper.com/t5/scanning-your-network/silently-installing-lsagent-on-a-windows-linux-or-mac-computer/ta-p/64474,/docs/silently-installing-lsagent-on-a-windows-linux-or-mac-computer,"Scanning Your Network\Silently installing LsAgent on a Windows, Linux or Mac computer.md","Silently installing LsAgent on a Windows, Linux or Mac computer.md"
https://community.lansweeper.com/t5/scanning-your-network/uninstall-lsagent/ta-p/72294,/docs/uninstall-lsagent,Scanning Your Network\Uninstall LsAgent.md,Uninstall LsAgent.md
https://community.lansweeper.com/t5/scanning-your-network/use-ldaps-for-active-directory-scanning/ta-p/64578,/docs/use-ldaps-for-active-directory-scanning,Scanning Your Network\Use LDAPS for Active Directory scanning.md,Use LDAPS for Active Directory scanning.md
https://community.lansweeper.com/t5/scanning-your-network/view-and-clear-your-scanning-queue/ta-p/64315,/docs/view-and-clear-your-scanning-queue,Scanning Your Network\View and clear your scanning queue.md,View and clear your scanning queue.md
https://community.lansweeper.com/t5/scanning-your-network/windows-custom-file-scanning/ta-p/64272,/docs/windows-custom-file-scanning,Scanning Your Network\Windows custom file scanning.md,Windows custom file scanning.md
https://community.lansweeper.com/t5/scanning-your-network/windows-rename-detection/ta-p/64311,/docs/windows-rename-detection,Scanning Your Network\Windows rename detection.md,Windows rename detection.md
https://community.lansweeper.com/t5/sites/add-managers-to-an-sso-connection/ta-p/64574,/docs/add-managers-to-an-sso-connection,Sites\Add managers to an SSO connection.md,Add managers to an SSO connection.md
https://community.lansweeper.com/t5/sites/add-users-to-a-cloud-site/ta-p/64537,/docs/add-users-to-a-cloud-site,Sites\Add users to a cloud site.md,Add users to a cloud site.md
https://community.lansweeper.com/t5/sites/adding-owners-to-a-cloud-site/ta-p/64586,/docs/adding-owners-to-a-cloud-site,Sites\Adding owners to a Cloud site.md,Adding owners to a Cloud site.md
https://community.lansweeper.com/t5/sites/asset-deduplication-in-cloud/ta-p/64551,/docs/asset-deduplication-in-cloud,Sites\Asset deduplication in Cloud.md,Asset deduplication in Cloud.md
https://community.lansweeper.com/t5/sites/assets/ta-p/66881,/docs/assets,Sites\Assets.md,Assets.md
https://community.lansweeper.com/t5/sites/automate-asset-and-user-inventory-cleanup/ta-p/81941,/docs/automate-asset-and-user-inventory-cleanup,Sites\Automate asset and user inventory cleanup.md,Automate asset and user inventory cleanup.md
https://community.lansweeper.com/t5/sites/buy-a-cloud-license/ta-p/66311,/docs/buy-a-cloud-license,Sites\Buy a cloud license.md,Buy a cloud license.md
https://community.lansweeper.com/t5/sites/changing-date-and-time-display-settings-in-cloud/ta-p/64582,/docs/changing-date-and-time-display-settings-in-cloud,Sites\Changing date and time display settings in Cloud.md,Changing date and time display settings in Cloud.md
https://community.lansweeper.com/t5/sites/cloud-discovery-frequently-asked-questions/ta-p/78908,/docs/cloud-discovery-frequently-asked-questions,Sites\Cloud Discovery Frequently Asked Questions.md,Cloud Discovery Frequently Asked Questions.md
https://community.lansweeper.com/t5/sites/cloud-linking-requirements/ta-p/64516,/docs/cloud-linking-requirements,Sites\Cloud linking requirements.md,Cloud linking requirements.md
https://community.lansweeper.com/t5/sites/cloud-requirement-capacity/ta-p/64531,/docs/cloud-requirement-capacity,Sites\Cloud requirement capacity.md,Cloud requirement capacity.md
https://community.lansweeper.com/t5/sites/cloud-requirement-database/ta-p/64529,/docs/cloud-requirement-database,Sites\Cloud requirement database.md,Cloud requirement database.md
https://community.lansweeper.com/t5/sites/cloud-requirement-lansweeper-license/ta-p/64528,/docs/cloud-requirement-lansweeper-license,Sites\Cloud requirement Lansweeper license.md,Cloud requirement Lansweeper license.md
https://community.lansweeper.com/t5/sites/cloud-requirement-lansweeper-version/ta-p/64527,/docs/cloud-requirement-lansweeper-version,Sites\Cloud requirement Lansweeper version.md,Cloud requirement Lansweeper version.md
https://community.lansweeper.com/t5/sites/cloud-requirement-sync-server-internet-access/ta-p/64525,/docs/cloud-requirement-sync-server-internet-access,Sites\Cloud requirement sync server internet access.md,Cloud requirement sync server internet access.md
https://community.lansweeper.com/t5/sites/cloud-requirement-sync-server-status/ta-p/64524,/docs/cloud-requirement-sync-server-status,Sites\Cloud requirement sync server status.md,Cloud requirement sync server status.md
https://community.lansweeper.com/t5/sites/cloud-requirement-sync-server-tls-1-2/ta-p/64526,/docs/cloud-requirement-sync-server-tls-12,Sites\Cloud requirement sync server TLS 1.2.md,Cloud requirement sync server TLS 1.2.md
https://community.lansweeper.com/t5/sites/cloud-requirement-web-server-internet-access/ta-p/64520,/docs/cloud-requirement-web-server-internet-access,Sites\Cloud requirement web server internet access.md,Cloud requirement web server internet access.md
https://community.lansweeper.com/t5/sites/cloud-requirement-web-server-tls-1-2/ta-p/64523,/docs/cloud-requirement-web-server-tls-12,Sites\Cloud requirement web server TLS 1.2.md,Cloud requirement web server TLS 1.2.md
https://community.lansweeper.com/t5/sites/cloud-sync-speed-issue/ta-p/64565,/docs/cloud-sync-speed-issue,Sites\Cloud sync speed issue.md,Cloud sync speed issue.md
https://community.lansweeper.com/t5/sites/configure-cloud-discovery/ta-p/75095,/docs/configure-cloud-discovery,Sites\Configure Cloud Discovery.md,Configure Cloud Discovery.md
https://community.lansweeper.com/t5/sites/configure-it-agent-discovery/ta-p/72780,/docs/configure-it-agent-discovery,Sites\Configure IT Agent Discovery.md,Configure IT Agent Discovery.md
https://community.lansweeper.com/t5/sites/configure-microsoft-entra-id-azure-ad-with-lansweeper-sso/ta-p/64568,/docs/configure-microsoft-entra-id-azure-ad-with-lansweeper-sso,Sites\Configure Microsoft Entra ID (Azure AD) with Lansweeper SSO.md,Configure Microsoft Entra ID (Azure AD) with Lansweeper SSO.md
https://community.lansweeper.com/t5/sites/configure-network-discovery/ta-p/75094,/docs/configure-network-discovery,Sites\Configure Network Discovery.md,Configure Network Discovery.md
https://community.lansweeper.com/t5/sites/configure-okta-with-lansweeper-sso/ta-p/64567,/docs/configure-okta-with-lansweeper-sso,Sites\Configure Okta with Lansweeper SSO.md,Configure Okta with Lansweeper SSO.md
https://community.lansweeper.com/t5/sites/configure-scopes-permissions-and-roles/ta-p/64512,/docs/configure-scopes-permissions-and-roles,"Sites\Configure scopes, permissions, and roles.md","Configure scopes, permissions, and roles.md"
https://community.lansweeper.com/t5/sites/create-a-lansweeper-cloud-site/ta-p/64536,/docs/create-a-lansweeper-cloud-site,Sites\Create a Lansweeper Cloud site.md,Create a Lansweeper Cloud site.md
https://community.lansweeper.com/t5/sites/credential-and-network-discovery-hub-security/ta-p/80670,/docs/credential-and-network-discovery-hub-security,Sites\Credential and Network Discovery Hub security.md,Credential and Network Discovery Hub security.md
https://community.lansweeper.com/t5/sites/customizing-your-cloud-site/ta-p/64522,/docs/customizing-your-cloud-site,Sites\Customizing your Cloud site.md,Customizing your Cloud site.md
https://community.lansweeper.com/t5/sites/delete-assets/ta-p/69588,/docs/delete-assets,Sites\Delete assets.md,Delete assets.md
https://community.lansweeper.com/t5/sites/delete-cloud-sites-and-accounts/ta-p/64521,/docs/delete-cloud-sites-and-accounts,Sites\Delete cloud sites and accounts.md,Delete cloud sites and accounts.md
https://community.lansweeper.com/t5/sites/discover-the-marketplace/ta-p/64797,/docs/discover-the-marketplace,Sites\Discover the Marketplace.md,Discover the Marketplace.md
https://community.lansweeper.com/t5/sites/discover-workloads/ta-p/75458,/docs/discover-workloads,Sites\Discover workloads.md,Discover workloads.md
https://community.lansweeper.com/t5/sites/edit-assets/ta-p/65652,/docs/edit-assets,Sites\Edit assets.md,Edit assets.md
https://community.lansweeper.com/t5/sites/enable-multi-factor-authentication-mfa/ta-p/64548,/docs/enable-multi-factor-authentication-mfa,Sites\Enable Multi-Factor Authentication (MFA).md,Enable Multi-Factor Authentication (MFA).md
https://community.lansweeper.com/t5/sites/enable-the-lansweeper-on-premises-web-console/ta-p/65086,/docs/enable-the-lansweeper-on-premises-web-console,Sites\Enable the Lansweeper On-premises web console.md,Enable the Lansweeper On-premises web console.md
https://community.lansweeper.com/t5/sites/enable-warranty-tracking/ta-p/70334,/docs/enable-warranty-tracking,Sites\Enable warranty tracking.md,Enable warranty tracking.md
https://community.lansweeper.com/t5/sites/introduction-to-the-network-discovery-upgrade-process/ta-p/81577/message-revision/81577%3A3,/docs/error,Sites\Error.md,Error.md
https://community.lansweeper.com/t5/sites/exclude-assets-from-scans/ta-p/69593,/docs/exclude-assets-from-scans,Sites\Exclude assets from scans.md,Exclude assets from scans.md
https://community.lansweeper.com/t5/sites/get-started-with-lansweeper-sites/ta-p/77257,/docs/get-started-with-lansweeper-sites,Sites\Get started with Lansweeper Sites.md,Get started with Lansweeper Sites.md
https://community.lansweeper.com/t5/sites/hardware-data-normalization/ta-p/76908,/docs/hardware-data-normalization,Sites\Hardware data normalization.md,Hardware data normalization.md
https://community.lansweeper.com/t5/sites/host-your-lansweeper-site-and-data-in-the-united-states/ta-p/75513,/docs/host-your-lansweeper-site-and-data-in-the-united-states,Sites\Host your Lansweeper Site and data in the United States.md,Host your Lansweeper Site and data in the United States.md
https://community.lansweeper.com/t5/sites/install-it-agent-discovery/ta-p/67029,/docs/install-it-agent-discovery,Sites\Install IT Agent Discovery.md,Install IT Agent Discovery.md
https://community.lansweeper.com/t5/sites/install-lansweeper-components-separately/ta-p/73929,/docs/install-lansweeper-components-separately,Sites\Install Lansweeper components separately.md,Install Lansweeper components separately.md
https://community.lansweeper.com/t5/sites/install-lansweeper-sites/ta-p/65216,/docs/install-lansweeper-sites,Sites\Install Lansweeper Sites.md,Install Lansweeper Sites.md
https://community.lansweeper.com/t5/sites/install-network-discovery/ta-p/72388,/docs/install-network-discovery,Sites\Install Network Discovery.md,Install Network Discovery.md
https://community.lansweeper.com/t5/sites/install-the-lansweeper-trial/ta-p/65180,/docs/install-the-lansweeper-trial,Sites\Install the Lansweeper trial.md,Install the Lansweeper trial.md
https://community.lansweeper.com/t5/sites/internet-access-requirements/ta-p/70272,/docs/internet-access-requirements,Sites\Internet access requirements.md,Internet access requirements.md
https://community.lansweeper.com/t5/sites/introduction-to-bi-dashboards/ta-p/78824,/docs/introduction-to-bi-dashboards,Sites\Introduction to BI Dashboards.md,Introduction to BI Dashboards.md
https://community.lansweeper.com/t5/sites/introduction-to-cloud-discovery/ta-p/75098,/docs/introduction-to-cloud-discovery,Sites\Introduction to Cloud Discovery.md,Introduction to Cloud Discovery.md
https://community.lansweeper.com/t5/sites/introduction-to-lansweeper-sites/ta-p/64515,/docs/introduction-to-lansweeper-sites,Sites\Introduction to Lansweeper Sites.md,Introduction to Lansweeper Sites.md
https://community.lansweeper.com/t5/sites/introduction-to-the-report-builder/ta-p/64549,/docs/introduction-to-the-report-builder,Sites\Introduction to the report builder.md,Introduction to the report builder.md
https://community.lansweeper.com/t5/sites/it-agent-discovery-frequently-asked-questions/ta-p/76108,/docs/it-agent-discovery-frequently-asked-questions,Sites\IT Agent Discovery Frequently Asked Questions.md,IT Agent Discovery Frequently Asked Questions.md
https://community.lansweeper.com/t5/sites/lansweeper-discovery/ta-p/75199,/docs/lansweeper-discovery,Sites\Lansweeper Discovery.md,Lansweeper Discovery.md
https://community.lansweeper.com/t5/sites/lansweeper-sites-components-and-architecture/ta-p/64589,/docs/lansweeper-sites-components-and-architecture,Sites\Lansweeper Sites components and architecture.md,Lansweeper Sites components and architecture.md
https://community.lansweeper.com/t5/sites/leverage-hvmnd-insights/ta-p/78828,/docs/leverage-hvmnd-insights,Sites\Leverage HVMND insights.md,Leverage HVMND insights.md
https://community.lansweeper.com/t5/sites/link-lansweeper-on-prem-with-lansweeper-sites/ta-p/64514,/docs/link-lansweeper-on-prem-with-lansweeper-sites,Sites\Link Lansweeper On-prem with Lansweeper Sites.md,Link Lansweeper On-prem with Lansweeper Sites.md
https://community.lansweeper.com/t5/sites/link-lansweeper-sites-with-lansweeper-on-prem/ta-p/70299,/docs/link-lansweeper-sites-with-lansweeper-on-prem,Sites\Link Lansweeper Sites with Lansweeper On-prem.md,Link Lansweeper Sites with Lansweeper On-prem.md
https://community.lansweeper.com/t5/sites/link-your-installations-with-lansweeper-sites/ta-p/70883,/docs/link-your-installations-with-lansweeper-sites,Sites\Link your installations with Lansweeper Sites.md,Link your installations with Lansweeper Sites.md
https://community.lansweeper.com/t5/sites/local-database-space-issues-when-linked-with-cloud/ta-p/64552,/docs/local-database-space-issues-when-linked-with-cloud,Sites\Local database space issues when linked with Cloud.md,Local database space issues when linked with Cloud.md
https://community.lansweeper.com/t5/sites/manage-custom-asset-data-from-your-lansweeper-site/ta-p/75074,/docs/manage-custom-asset-data-from-your-lansweeper-site,Sites\Manage custom asset data from your Lansweeper Site.md,Manage custom asset data from your Lansweeper Site.md
https://community.lansweeper.com/t5/sites/manage-dashboards/ta-p/64517,/docs/manage-dashboards,Sites\Manage dashboards.md,Manage dashboards.md
https://community.lansweeper.com/t5/sites/manage-lansweeper-cloud-sso/ta-p/71942,/docs/manage-lansweeper-cloud-sso,Sites\Manage Lansweeper Cloud SSO.md,Manage Lansweeper Cloud SSO.md
https://community.lansweeper.com/t5/sites/manage-reports/ta-p/64513,/docs/manage-reports,Sites\Manage reports.md,Manage reports.md
https://community.lansweeper.com/t5/sites/manage-your-cloud-account-profile-settings/ta-p/64583,/docs/manage-your-cloud-account-profile-settings,Sites\Manage your Cloud account profile settings.md,Manage your Cloud account profile settings.md
https://community.lansweeper.com/t5/sites/migrate-from-auth0-to-fusionauth-authenticator-for-cloud-actions/ta-p/83135,/docs/migrate-from-auth0-to-fusionauth-authenticator-for-cloud-actions,Sites\Migrate from Auth0 to FusionAuth authenticator for Cloud Actions.md,Migrate from Auth0 to FusionAuth authenticator for Cloud Actions.md
https://community.lansweeper.com/t5/sites/migrate-installation-based-scopes/ta-p/73127,/docs/migrate-installation-based-scopes,Sites\Migrate installation-based scopes.md,Migrate installation-based scopes.md
https://community.lansweeper.com/t5/sites/migrate-your-sso-connections/ta-p/81699,/docs/migrate-your-sso-connections,Sites\Migrate your SSO connections.md,Migrate your SSO connections.md
https://community.lansweeper.com/t5/sites/network-discovery-frequently-asked-questions/ta-p/76107,/docs/network-discovery-frequently-asked-questions,Sites\Network Discovery Frequently Asked Questions.md,Network Discovery Frequently Asked Questions.md
https://community.lansweeper.com/t5/sites/overview-of-discovery-components-and-configuration/ta-p/75091,/docs/overview-of-discovery-components-and-configuration,Sites\Overview of Discovery components and configuration.md,Overview of Discovery components and configuration.md
https://community.lansweeper.com/t5/sites/remove-an-installation-from-your-cloud-site/ta-p/66399,/docs/remove-an-installation-from-your-cloud-site,Sites\Remove an installation from your cloud site.md,Remove an installation from your cloud site.md
https://community.lansweeper.com/t5/sites/reset-or-change-your-cloud-account-password/ta-p/64581,/docs/reset-or-change-your-cloud-account-password,Sites\Reset or change your Cloud account password.md,Reset or change your Cloud account password.md
https://community.lansweeper.com/t5/sites/rpc-server-is-unavailable-0x800706ba/ta-p/70498,/docs/rpc-server-is-unavailable-0x800706ba,Sites\RPC server is unavailable. 0x800706BA.md,RPC server is unavailable. 0x800706BA.md
https://community.lansweeper.com/t5/sites/scan-an-aws-region/ta-p/70441,/docs/scan-an-aws-region,Sites\Scan an AWS region.md,Scan an AWS region.md
https://community.lansweeper.com/t5/sites/scan-chrome-os-targets/ta-p/66990,/docs/scan-chrome-os-targets,Sites\Scan Chrome OS targets.md,Scan Chrome OS targets.md
https://community.lansweeper.com/t5/sites/scan-intune-v2-targets/ta-p/66039,/docs/scan-intune-v2-targets,Sites\Scan Intune V2 targets.md,Scan Intune V2 targets.md
https://community.lansweeper.com/t5/sites/scan-sccm-targets/ta-p/66255,/docs/scan-sccm-targets,Sites\Scan SCCM targets.md,Scan SCCM targets.md
https://community.lansweeper.com/t5/sites/scan-server-status-unknown-or-sync-server-status-down/ta-p/70481,/docs/scan-server-status-unknown-or-sync-server-status-down,Sites\Scan server status unknown or sync server status down.md,Scan server status unknown or sync server status down.md
https://community.lansweeper.com/t5/sites/scan-vmware-workspace-one-uem-powered-by-airwatch-targets/ta-p/66982,/docs/scan-vmware-workspace-one-uem-powered-by-airwatch-targets,Sites\Scan VMware Workspace One UEM (powered by AirWatch) targets.md,Scan VMware Workspace One UEM (powered by AirWatch) targets.md
https://community.lansweeper.com/t5/sites/scan-windows-computers-targets/ta-p/66262,/docs/scan-windows-computers-targets,Sites\Scan Windows computers targets.md,Scan Windows computers targets.md
https://community.lansweeper.com/t5/sites/set-up-and-run-lansweeper-it-agent-discovery-portable/ta-p/76722,/docs/set-up-and-run-lansweeper-it-agent-discovery-portable,Sites\Set up and run Lansweeper IT Agent Discovery Portable.md,Set up and run Lansweeper IT Agent Discovery Portable.md
https://community.lansweeper.com/t5/sites/set-up-cloud-discovery-access/ta-p/74941,/docs/set-up-cloud-discovery-access,Sites\Set up Cloud Discovery access.md,Set up Cloud Discovery access.md
https://community.lansweeper.com/t5/sites/set-up-lansweeper-sso/ta-p/64566,/docs/set-up-lansweeper-sso,Sites\Set up Lansweeper SSO.md,Set up Lansweeper SSO.md
https://community.lansweeper.com/t5/sites/software-data-normalization/ta-p/64535,/docs/software-data-normalization,Sites\Software data normalization.md,Software data normalization.md
https://community.lansweeper.com/t5/sites/track-user-and-system-activity-with-audit-trail/ta-p/81948,/docs/track-user-and-system-activity-with-audit-trail,Sites\Track user and system activity with Audit trail.md,Track user and system activity with Audit trail.md
https://community.lansweeper.com/t5/sites/troubleshoot-a-failed-initial-push-to-cloud/ta-p/64575,/docs/troubleshoot-a-failed-initial-push-to-cloud,Sites\Troubleshoot a failed initial push to Cloud.md,Troubleshoot a failed initial push to Cloud.md
https://community.lansweeper.com/t5/sites/troubleshoot-selected-cloud-management-instead-of-on-premises-management/ta-p/75512,/docs/troubleshoot-selected-cloud-management-instead-of-on-premises-management-during-installation,Sites\Troubleshoot Selected Cloud management instead of On-premises management during installation.md,Troubleshoot Selected Cloud management instead of On-premises management during installation.md
https://community.lansweeper.com/t5/sites/update-your-lansweeper-sites-scan-server/ta-p/65418,/docs/update-your-lansweeper-sites-scan-server,Sites\Update your Lansweeper Sites scan server.md,Update your Lansweeper Sites scan server.md
https://community.lansweeper.com/t5/sites/view-assets-lifecycle-information/ta-p/64600,/docs/view-assets-lifecycle-information,Sites\View assets' lifecycle information.md,View assets' lifecycle information.md
https://community.lansweeper.com/t5/sites/view-assets/ta-p/65662,/docs/view-assets,Sites\View assets.md,View assets.md
https://community.lansweeper.com/t5/sites/view-scan-issues/ta-p/64881,/docs/view-scan-issues,Sites\View scan issues.md,View scan issues.md
https://community.lansweeper.com/t5/sites/view-software/ta-p/72944,/docs/view-software,Sites\View software.md,View software.md
https://community.lansweeper.com/t5/sites/view-your-user-inventory/ta-p/73295,/docs/view-your-user-inventory,Sites\View your user inventory.md,View your user inventory.md
https://community.lansweeper.com/t5/sites/wmi-access-is-denied-0x80070005/ta-p/72127,/docs/wmi-access-is-denied-0x80070005,Sites\WMI Access is denied. 0x80070005.md,WMI Access is denied. 0x80070005.md
https://community.lansweeper.com/t5/troubleshooting/collect-files-for-lansweeper-support/ta-p/64743,/docs/collect-files-for-lansweeper-support,Troubleshooting\Collect files for Lansweeper Support.md,Collect files for Lansweeper Support.md
https://community.lansweeper.com/t5/troubleshooting-scanning-issues/assets-stuck-on-the-lsagent-relay-server/ta-p/64519,/docs/assets-stuck-on-the-lsagent-relay-server,Troubleshooting Scanning Issues\Assets stuck on the LsAgent relay server.md,Assets stuck on the LsAgent relay server.md
https://community.lansweeper.com/t5/troubleshooting-scanning-issues/debug-scan-issues-by-enabling-scan-logging/ta-p/64367,/docs/debug-scan-issues-by-enabling-scan-logging,Troubleshooting Scanning Issues\Debug scan issues by enabling scan logging.md,Debug scan issues by enabling scan logging.md
https://community.lansweeper.com/t5/troubleshooting-scanning-issues/incorrectly-configured-to-allow-autorun-scanning/ta-p/64269,/docs/incorrectly-configured-to-allow-autorun-scanning,Troubleshooting Scanning Issues\Incorrectly configured to allow autorun scanning.md,Incorrectly configured to allow autorun scanning.md
https://community.lansweeper.com/t5/troubleshooting-scanning-issues/linux-scanning-error-dmidecode/ta-p/64289,/docs/linux-scanning-error-dmidecode,Troubleshooting Scanning Issues\Linux scanning error Dmidecode.md,Linux scanning error Dmidecode.md
https://community.lansweeper.com/t5/troubleshooting-scanning-issues/linux-scanning-error-hal-find-by-property/ta-p/64288,/docs/linux-scanning-error-hal-find-by-property,Troubleshooting Scanning Issues\Linux scanning error Hal-find-by-property.md,Linux scanning error Hal-find-by-property.md
https://community.lansweeper.com/t5/troubleshooting-scanning-issues/linux-scanning-error-linuxnosudorights/ta-p/64286,/docs/linux-scanning-error-linuxnosudorights,Troubleshooting Scanning Issues\Linux scanning error LinuxNoSudoRights.md,Linux scanning error LinuxNoSudoRights.md
https://community.lansweeper.com/t5/troubleshooting-scanning-issues/linux-scanning-error-tty-required/ta-p/64287,/docs/linux-scanning-error-tty-required,Troubleshooting Scanning Issues\Linux scanning error TTY required.md,Linux scanning error TTY required.md
https://community.lansweeper.com/t5/troubleshooting-scanning-issues/lspush-scan-files-failing-to-import/ta-p/64476,/docs/lspush-scan-files-failing-to-import,Troubleshooting Scanning Issues\LsPush scan files failing to import.md,LsPush scan files failing to import.md
https://community.lansweeper.com/t5/troubleshooting-scanning-issues/microsoft-office-license-keys-not-detected/ta-p/64308,/docs/microsoft-office-license-keys-not-detected,Troubleshooting Scanning Issues\Microsoft Office license keys not detected.md,Microsoft Office license keys not detected.md
https://community.lansweeper.com/t5/troubleshooting-scanning-issues/no-asset-created-for-scanned-computer-or-device/ta-p/64425,/docs/no-asset-created-for-scanned-computer-or-device,Troubleshooting Scanning Issues\No asset created for scanned computer or device.md,No asset created for scanned computer or device.md
https://community.lansweeper.com/t5/troubleshooting-scanning-issues/repair-a-corrupt-wmi-installation/ta-p/64293,/docs/repair-a-corrupt-wmi-installation,Troubleshooting Scanning Issues\Repair a corrupt WMI installation.md,Repair a corrupt WMI installation.md
https://community.lansweeper.com/t5/troubleshooting-scanning-issues/scanning-server-doesn-t-have-any-enabled-network-interfaces/ta-p/64456,/docs/scanning-server-doesnt-have-any-enabled-network-interfaces,Troubleshooting Scanning Issues\Scanning server doesn't have any enabled network interfaces.md,Scanning server doesn't have any enabled network interfaces.md
https://community.lansweeper.com/t5/troubleshooting-scanning-issues/scanning-troubleshoot-guide/ta-p/64244,/docs/scanning-troubleshoot-guide,Troubleshooting Scanning Issues\Scanning troubleshoot guide.md,Scanning troubleshoot guide.md
https://community.lansweeper.com/t5/troubleshooting-scanning-issues/socket-errors-when-scanning-with-the-lspush-scanning-agent/ta-p/64452,/docs/socket-errors-when-scanning-with-the-lspush-scanning-agent,Troubleshooting Scanning Issues\Socket errors when scanning with the LsPush scanning agent.md,Socket errors when scanning with the LsPush scanning agent.md
https://community.lansweeper.com/t5/troubleshooting-scanning-issues/software-on-windows-computer-not-being-scanned/ta-p/64249,/docs/software-on-windows-computer-not-being-scanned,Troubleshooting Scanning Issues\Software on Windows computer not being scanned.md,Software on Windows computer not being scanned.md
https://community.lansweeper.com/t5/troubleshooting-scanning-issues/sql-server-information-not-scanned/ta-p/64284,/docs/sql-server-information-not-scanned,Troubleshooting Scanning Issues\SQL Server Information not scanned.md,SQL Server Information not scanned.md
https://community.lansweeper.com/t5/troubleshooting-scanning-issues/the-rpc-server-is-unavailable-0x800706ba/ta-p/64245,/docs/the-rpc-server-is-unavailable-0x800706ba,Troubleshooting Scanning Issues\The RPC server is unavailable. 0x800706BA.md,The RPC server is unavailable. 0x800706BA.md
https://community.lansweeper.com/t5/troubleshooting-scanning-issues/too-many-lsagent-or-lspush-scans/ta-p/64572,/docs/too-many-lsagent-or-lspush-scans,Troubleshooting Scanning Issues\Too many LsAgent or LsPush scans.md,Too many LsAgent or LsPush scans.md
https://community.lansweeper.com/t5/troubleshooting-scanning-issues/troubleshoot-citrix-scanning-issues/ta-p/64466,/docs/troubleshoot-citrix-scanning-issues,Troubleshooting Scanning Issues\Troubleshoot Citrix scanning issues.md,Troubleshoot Citrix scanning issues.md
https://community.lansweeper.com/t5/troubleshooting-scanning-issues/troubleshoot-device-scanning-issues-with-devicetester/ta-p/64296,/docs/troubleshoot-device-scanning-issues-with-devicetester,Troubleshooting Scanning Issues\Troubleshoot device scanning issues with Devicetester.md,Troubleshoot device scanning issues with Devicetester.md
https://community.lansweeper.com/t5/troubleshooting-scanning-issues/troubleshoot-snmp-scanning-issues/ta-p/64471,/docs/troubleshoot-snmp-scanning-issues,Troubleshooting Scanning Issues\Troubleshoot SNMP scanning issues.md,Troubleshoot SNMP scanning issues.md
https://community.lansweeper.com/t5/troubleshooting-scanning-issues/troubleshooting-custom-oid-scanning-issues/ta-p/64465,/docs/troubleshooting-custom-oid-scanning-issues,Troubleshooting Scanning Issues\Troubleshooting custom OID scanning issues.md,Troubleshooting custom OID scanning issues.md
https://community.lansweeper.com/t5/troubleshooting-scanning-issues/troubleshooting-vcenter-scanning-issues/ta-p/64472,/docs/troubleshooting-vcenter-scanning-issues,Troubleshooting Scanning Issues\Troubleshooting vCenter scanning issues.md,Troubleshooting vCenter scanning issues.md
https://community.lansweeper.com/t5/troubleshooting-scanning-issues/unable-to-scan-snmp-on-ricoh-printers/ta-p/64383,/docs/unable-to-scan-snmp-on-ricoh-printers,Troubleshooting Scanning Issues\Unable to scan SNMP on Ricoh printers.md,Unable to scan SNMP on Ricoh printers.md
https://community.lansweeper.com/t5/troubleshooting-scanning-issues/view-your-scanning-queue-under-port-9524/ta-p/64420,/docs/view-your-scanning-queue-under-port-9524,Troubleshooting Scanning Issues\View your scanning queue under port 9524.md,View your scanning queue under port 9524.md
https://community.lansweeper.com/t5/troubleshooting-scanning-issues/wmi-access-is-denied-0x80070005/ta-p/64246,/docs/wmi-access-is-denied-0x80070005,Troubleshooting Scanning Issues\WMI Access is denied. 0x80070005.md,WMI Access is denied. 0x80070005.md
https://community.lansweeper.com/t5/troubleshooting-scanning-issues/wmi-service-is-disabled-on-this-machine/ta-p/64441,/docs/wmi-service-is-disabled-on-this-machine,Troubleshooting Scanning Issues\WMI service is disabled on this machine.md,WMI service is disabled on this machine.md
https://community.lansweeper.com/t5/troubleshooting-your/a-network-related-or-instance-specific-error-occurred/ta-p/64389,/docs/a-network-related-or-instance-specific-error-occurred,Troubleshooting Your\A network-related or instance-specific error occurred.md,A network-related or instance-specific error occurred.md
https://community.lansweeper.com/t5/troubleshooting-your/a-potentially-dangerous-request-form-value-was-detected-from-the-client/ta-p/64402,/docs/a-potentially-dangerous-request-form-value-was-detected-from-the-client,Troubleshooting Your\A potentially dangerous Request .Form value was detected from the client.md,A potentially dangerous Request .Form value was detected from the client.md
https://community.lansweeper.com/t5/troubleshooting-your/automatically-redirected-to-login-screen/ta-p/64418,/docs/automatically-redirected-to-login-screen,Troubleshooting Your\Automatically redirected to login screen.md,Automatically redirected to login screen.md
https://community.lansweeper.com/t5/troubleshooting-your/clear-tables-to-free-up-space-and-improve-performance/ta-p/64359,/docs/clear-tables-to-free-up-space-and-improve-performance,Troubleshooting Your\Clear tables to free up space and improve performance.md,Clear tables to free up space and improve performance.md
https://community.lansweeper.com/t5/troubleshooting-your/could-not-load-type-system-servicemodel-activation-httpmodule/ta-p/64371,/docs/could-not-load-type-systemservicemodelactivation-httpmodule,Troubleshooting Your\Could not load type System.ServiceModel.Activation. HttpModule.md,Could not load type System.ServiceModel.Activation. HttpModule.md
https://community.lansweeper.com/t5/troubleshooting-your/dcom-was-unable-to-communicate-with-the-computer/ta-p/64360,/docs/dcom-was-unable-to-communicate-with-the-computer,Troubleshooting Your\DCOM was unable to communicate with the computer.md,DCOM was unable to communicate with the computer.md
https://community.lansweeper.com/t5/troubleshooting-your/emails-not-imported-as-tickets-into-the-help-desk/ta-p/64436,/docs/emails-not-imported-as-tickets-into-the-help-desk,Troubleshooting Your\Emails not imported as tickets into the help desk.md,Emails not imported as tickets into the help desk.md
https://community.lansweeper.com/t5/troubleshooting-your/event-id-5605-generated-during-scanning/ta-p/64372,/docs/event-id-5605-generated-during-scanning,Troubleshooting Your\Event ID 5605 generated during scanning.md,Event ID 5605 generated during scanning.md
https://community.lansweeper.com/t5/troubleshooting-your/executereader-commandtext-property-has-not-been-initialized/ta-p/64355,/docs/executereader-commandtext-property-has-not-been-initialized,Troubleshooting Your\ExecuteReader CommandText property has not been initialized.md,ExecuteReader CommandText property has not been initialized.md
https://community.lansweeper.com/t5/troubleshooting-your/file-and-image-upload-errors-and-sla-calculation-issues/ta-p/64401,/docs/file-and-image-upload-errors-and-sla-calculation-issues,Troubleshooting Your\File and image upload errors and SLA calculation issues.md,File and image upload errors and SLA calculation issues.md
https://community.lansweeper.com/t5/troubleshooting-your/invalid-object-name-tsyswebroles/ta-p/64415,/docs/invalid-object-name-tsyswebroles,Troubleshooting Your\Invalid object name tsysWebRoles.md,Invalid object name tsysWebRoles.md
https://community.lansweeper.com/t5/troubleshooting-your/issue-with-self-replicating-dashboard-tabs-and-unusual-tab-names/ta-p/64361,/docs/issue-with-self-replicating-dashboard-tabs-and-unusual-tab-names,Troubleshooting Your\Issue with self-replicating dashboard tabs and unusual tab names.md,Issue with self-replicating dashboard tabs and unusual tab names.md
https://community.lansweeper.com/t5/troubleshooting-your/lansweeper-installer-not-launching/ta-p/64423,/docs/lansweeper-installer-not-launching,Troubleshooting Your\Lansweeper installer not launching.md,Lansweeper installer not launching.md
https://community.lansweeper.com/t5/troubleshooting-your/lansweeper-localdb-service-install-failed-errorid-1/ta-p/64533,/docs/lansweeper-localdb-service-install-failed-errorid-1,Troubleshooting Your\Lansweeper LocalDB Service install failed. ErrorId -1.md,Lansweeper LocalDB Service install failed. ErrorId -1.md
https://community.lansweeper.com/t5/troubleshooting-your/license-issue-for-cloud/ta-p/66092,/docs/license-issue-for-cloud,Troubleshooting Your\License issue for Cloud.md,License issue for Cloud.md
https://community.lansweeper.com/t5/troubleshooting-your/locked-out-of-the-web-console/ta-p/64327,/docs/locked-out-of-the-web-console,Troubleshooting Your\Locked out of the web console.md,Locked out of the web console.md
https://community.lansweeper.com/t5/troubleshooting-your/login-failed-for-user-lansweeperuser/ta-p/64386,/docs/login-failed-for-user-lansweeperuser,Troubleshooting Your\Login failed for user lansweeperuser.md,Login failed for user lansweeperuser.md
https://community.lansweeper.com/t5/troubleshooting-your/password-hash-errors/ta-p/64413,/docs/password-hash-errors,Troubleshooting Your\Password hash errors.md,Password hash errors.md
https://community.lansweeper.com/t5/troubleshooting-your/put-the-scanning-service-in-debug-mode/ta-p/64373,/docs/put-the-scanning-service-in-debug-mode,Troubleshooting Your\Put the scanning service in debug mode.md,Put the scanning service in debug mode.md
https://community.lansweeper.com/t5/troubleshooting-your/reinstalling-the-web-console/ta-p/64295,/docs/reinstalling-the-web-console,Troubleshooting Your\Reinstalling the web console.md,Reinstalling the web console.md
https://community.lansweeper.com/t5/troubleshooting-your/scanserver-down-unavailable-or-scanning-server-not-listed-in-web-console/ta-p/64405,/docs/scanserver-down-unavailable-or-scanning-server-not-listed-in-web-console,"Troubleshooting Your\Scanserver down, unavailable, or scanning server not listed in web console.md","Scanserver down, unavailable, or scanning server not listed in web console.md"
https://community.lansweeper.com/t5/troubleshooting-your/the-interface-is-unknown/ta-p/64368,/docs/the-interface-is-unknown,Troubleshooting Your\The interface is unknown.md,The interface is unknown.md
https://community.lansweeper.com/t5/troubleshooting-your/the-relay-could-not-be-contacted/ta-p/64477,/docs/the-relay-could-not-be-contacted,Troubleshooting Your\The relay could not be contacted.md,The relay could not be contacted.md
https://community.lansweeper.com/t5/troubleshooting-your/the-version-of-this-file-is-not-compatible-with-the-version-of-windows-you/ta-p/64399,/docs/the-version-of-this-file-is-not-compatible-with-the-version-of-windows-youre-running,Troubleshooting Your\The version of this file is not compatible with the version of Windows you're running.md,The version of this file is not compatible with the version of Windows you're running.md
https://community.lansweeper.com/t5/troubleshooting-your/update-in-progress/ta-p/64396,/docs/update-in-progress,Troubleshooting Your\Update in progress.md,Update in progress.md
